t,phase,target_deg,yaw_deg,gyro,az_cmd,rpm1,rpm2
0.0097931599993899,HOLD,0.0,0.0011476359285384952,0.0020453077013371512,-0.0010781956429042525,0.0,0.0
0.025820376999035943,HOLD,0.0,0.0020241243514170374,0.0009544769272906706,-0.0012829545131362277,0.0,0.0
0.046093393000774086,HOLD,0.0,0.003132804905423846,0.0009544769272906706,-0.001321654765176735,0.0,0.0
0.05474632199911866,HOLD,0.0,0.0036060119563551796,0.0009544769272906706,-0.0013381728073415435,0.0,0.0
0.07264550300169503,HOLD,0.0,0.005703572213846127,0.0020453077013371512,-0.0019870547045143616,0.0,0.0
0.09409829699870897,HOLD,0.0,0.008217571490896839,0.0020453077013371512,-0.002074809834068946,0.0,0.0
0.09795214100086014,HOLD,0.0,0.008669193831400496,0.0020453077013371512,-0.0020905744277036494,0.0,0.0
0.11194897899986245,HOLD,0.0,0.009434645903541462,0.0009544769272906706,-0.0021414920212699416,0.0,0.0
0.13224870799967903,HOLD,0.0,0.010544787324619368,0.0009544769272906706,-0.0021802432671910984,0.0,0.0
0.14481399000214878,HOLD,0.0,0.01123195117880641,0.0009544769272906706,-0.0022042298107036143,0.0,0.0
0.16508904399961466,HOLD,0.0,0.012340743185703714,0.0009544769272906706,-0.002242933953183922,0.0,0.0
0.1853136710014951,HOLD,0.0,0.013446777466301303,0.0009544769272906706,-0.0022815418328566315,0.0,0.0
0.1928892479991191,HOLD,0.0,0.02569790569618484,0.028225246045622043,-0.013636853150153084,0.0,0.0
0.21315003400013666,HOLD,0.0,0.05846339503310871,0.028225246045622043,-0.014780584490065914,0.0,0.0
0.22478803800186142,HOLD,0.0,0.07728422932860143,0.028225246045622043,-0.015437555542923144,-3.2831737995147705,-3.5567715167999268
0.23987075599870877,HOLD,0.0,0.09036377394138022,0.015135277222725563,-0.01940026326439788,-3.2831737995147705,-3.5567715167999268
0.26012904199888,HOLD,0.0,0.10793150646631744,0.015135277222725563,-0.020013492813737585,-3.2831737995147705,-3.5567715167999268
0.2687747390009463,HOLD,0.0,0.11542894689255434,0.015135277222725563,-0.020275202855557506,-3.2831737995147705,-3.5567715167999268
0.2868573939995258,HOLD,0.0,0.11189717824488941,-0.003408846285310574,-0.015539187857834754,-3.2831737995147705,-3.5567715167999268
0.3071439119994466,HOLD,0.0,0.10793496759340938,-0.003408846285310574,-0.015400880614782921,-3.2831737995147705,-3.5567715167999268
0.3157746639990364,HOLD,0.0,0.10624927379897946,-0.003408846285310574,-0.015342038800996443,-3.2831737995147705,-3.5567715167999268
0.33084715099903406,HOLD,0.0,0.1381605536167395,0.036951891306671314,-0.028910061228413993,-3.2831737995147705,-3.5567715167999268
0.35112185400066664,HOLD,0.0,0.1810858996931487,0.036951891306671314,-0.030408438471596733,-3.2831737995147705,-3.5567715167999268
0.3597936820005998,HOLD,0.0,0.19944578481611458,0.036951891306671314,-0.031049319362964088,-9.302325248718262,-7.924203395843506
0.37782264099951135,HOLD,0.0,0.24099689985475264,0.04022438374522608,-0.04377201076876616,-9.302325248718262,-7.924203395843506
0.39808206599991536,HOLD,0.0,0.28768854183248793,0.04022438374522608,-0.045401856540113916,-9.302325248718262,-7.924203395843506
0.40676957899995614,HOLD,0.0,0.30771054377315193,0.04022438374522608,-0.04610075625352448,-9.302325248718262,-7.924203395843506
0.42184863000147743,HOLD,0.0,0.31984446743136585,0.014044446099433117,-0.04507016213341323,-9.302325248718262,-7.924203395843506
0.44211504600025364,HOLD,0.0,0.3361525987938732,0.014044446099433117,-0.04563942330766023,-9.302325248718262,-7.924203395843506
0.4537417989995447,HOLD,0.0,0.3455085014479643,0.014044446099433117,-0.04596600591928016,-9.302325248718262,-7.924203395843506
0.4740019279997796,HOLD,0.0,0.361811573741414,0.014044446099433117,-0.046535090498702886,-9.302325248718262,-7.924203395843506
0.49422213900106726,HOLD,0.0,0.3780825245206009,0.014044446099433117,-0.04710305382575638,-9.302325248718262,-7.924203395843506
0.5008634940022603,HOLD,0.0,0.38176640122718414,0.009681123468908481,-0.04432299796255798,-9.302325248718262,-7.924203395843506
0.5211321770002542,HOLD,0.0,0.393009186646126,0.009681123468908481,-0.044715445207869464,-9.302325248718262,-7.924203395843506
0.5297970600004192,HOLD,0.0,0.39781548907143577,0.009681123468908481,-0.04488321681220596,-7.9343366622924805,-7.1135430335998535
0.5448527410007955,HOLD,0.0,0.40993060718215496,0.014044446099433117,-0.04472452533002933,-7.9343366622924805,-7.1135430335998535
0.5651218310013064,HOLD,0.0,0.42624089028039863,0.014044446099433117,-0.045293861614022796,-7.9343366622924805,-7.1135430335998535
0.573764510001638,HOLD,0.0,0.433195545926957,0.014044446099433117,-0.04553662489277252,-7.9343366622924805,-7.1135430335998535
0.5908267380000325,HOLD,0.0,0.4479916968823121,0.015135277222725563,-0.04602416933745423,-7.9343366622924805,-7.1135430335998535
0.611114217001159,HOLD,0.0,0.4655847452129586,0.015135277222725563,-0.046638282575118775,-7.9343366622924805,-7.1135430335998535
0.6198018220020458,HOLD,0.0,0.47311852773220026,0.015135277222725563,-0.046901261195298694,-7.9343366622924805,-7.1135430335998535
0.6358540399996855,HOLD,0.0,0.4880420745716276,0.01622610834601801,-0.04783537277593936,-7.9343366622924805,-7.1135430335998535
0.656118721999519,HOLD,0.0,0.5068818966482457,0.01622610834601801,-0.04849300662739316,-7.9343366622924805,-7.1135430335998535
0.6677844020014163,HOLD,0.0,0.5177273338300534,0.01622610834601801,-0.04887158380267469,-5.055611610412598,-4.04448938369751
0.6828753049994702,HOLD,0.0,0.5128935291015916,-0.0055905076005728915,-0.04030675102725284,-5.055611610412598,-4.04448938369751
0.7031898669993097,HOLD,0.0,0.506386521146924,-0.0055905076005728915,-0.04007961360072801,-5.055611610412598,-4.04448938369751
0.7118132670002524,HOLD,0.0,0.5036243384130379,-0.0055905076005728915,-0.03998319523423191,-5.055611610412598,-4.04448938369751
0.7298379300009401,HOLD,0.0,0.5170020183611381,0.012953615907463245,-0.04115093283250984,-5.055611610412598,-4.04448938369751
0.7501034449996951,HOLD,0.0,0.5320428306984575,0.012953615907463245,-0.041675956227431456,-5.055611610412598,-4.04448938369751
0.758785957001237,HOLD,0.0,0.538486882756337,0.012953615907463245,-0.04190089607859128,-5.055611610412598,-4.04448938369751
0.7790126569998392,HOLD,0.0,0.5534988870849182,0.012953615907463245,-0.04242491388430605,-5.055611610412598,-4.04448938369751
0.7992327280007885,HOLD,0.0,0.5685059714541649,0.012953615907463245,-0.042948759951041915,-5.055611610412598,-4.04448938369751
0.8068956200004322,HOLD,0.0,0.5761089970511656,0.01731693853798788,-0.04552009944324045,-5.055611610412598,-4.04448938369751
0.8271463660021254,HOLD,0.0,0.5962015339440764,0.01731693853798788,-0.0462214612909599,-5.055611610412598,-4.04448938369751
0.8357558589996188,HOLD,0.0,0.6047437652113555,0.01731693853798788,-0.04651964141312155,-1.9379844665527344,-1.107419729232788
0.8518332249986997,HOLD,0.0,0.5965794778531909,-0.008863000039127655,-0.037607433657426616,-1.9379844665527344,-1.107419729232788
0.8720878150015778,HOLD,0.0,0.5862939439470298,-0.008863000039127655,-0.03724840079345057,-1.9379844665527344,-1.107419729232788
0.8837543539993931,HOLD,0.0,0.5803695296580945,-0.008863000039127655,-0.03704159972226233,-1.9379844665527344,-1.107419729232788
0.8988221830004477,HOLD,0.0,0.584018769466019,0.0042269692494301125,-0.03550319364558202,-1.9379844665527344,-1.107419729232788
0.9191026160006004,HOLD,0.0,0.588930436795196,0.0042269692494301125,-0.035674643178895564,-1.9379844665527344,-1.107419729232788
0.9277621729997918,HOLD,0.0,0.5910276732396916,0.0042269692494301125,-0.0357478505411941,-1.9379844665527344,-1.107419729232788
0.9437936319991422,HOLD,0.0,0.631983041155634,0.04458770823839586,-0.05198912730868484,-1.9379844665527344,-1.107419729232788
0.9640485449999687,HOLD,0.0,0.6837280142169047,0.04458770823839586,-0.05379536761123472,-1.9379844665527344,-1.107419729232788
0.9727489180004341,HOLD,0.0,0.7059547483684518,0.04458770823839586,-0.05457122699705465,-5.771515846252441,-5.0925140380859375
0.9898288670010515,HOLD,0.0,0.7175637762288063,0.011862784784170799,-0.05373582092119694,-5.771515846252441,-5.0925140380859375
1.0109236700009205,HOLD,0.0,0.7319016501724178,0.011862784784170799,-0.05423630713730079,-5.771515846252441,-5.0925140380859375
1.0188284409996413,HOLD,0.0,0.7372744242217171,0.011862784784170799,-0.05442385233155275,-5.771515846252441,-5.0925140380859375
1.0338280200012377,HOLD,0.0,0.739969661152737,0.0031361385917989537,-0.05003476529646283,-5.771515846252441,-5.0925140380859375
1.054078572000435,HOLD,0.0,0.7436084323219788,0.0031361385917989537,-0.050161782371722655,-5.771515846252441,-5.0925140380859375
1.062729823999689,HOLD,0.0,0.7451629542112577,0.0031361385917989537,-0.050216045422247134,-5.771515846252441,-5.0925140380859375
1.0829846820015518,HOLD,0.0,0.7488024991153762,0.0031361385917989537,-0.050343089505949234,-5.771515846252441,-5.0925140380859375
1.1032088819993078,HOLD,0.0,0.7524365351592199,0.0031361385917989537,-0.05046994129415168,-5.771515846252441,-5.0925140380859375
1.111824986001011,HOLD,0.0,0.7577542866916372,0.010771953660878353,-0.05012335702609058,-5.771515846252441,-5.0925140380859375
1.1320561409993388,HOLD,0.0,0.7702407023005554,0.010771953660878353,-0.05055921515438665,-5.771515846252441,-5.0925140380859375
1.1437196629995015,HOLD,0.0,0.777439282073674,0.010771953660878353,-0.05081049299140342,-8.97592830657959,-7.615939140319824
1.1587835460013594,HOLD,0.0,0.8036833909395877,0.030406908292206936,-0.05915480001054019,-8.97592830657959,-7.615939140319824
1.1790169609994336,HOLD,0.0,0.8389337938983189,0.030406908292206936,-0.060385271199109414,-8.97592830657959,-7.615939140319824
1.1927237710006011,HOLD,0.0,0.8628136271279494,0.030406908292206936,-0.06121883462847782,-8.97592830657959,-7.615939140319824
1.2077733959995385,HOLD,0.0,0.8617554503784086,-0.0012271846208022907,-0.05447083196754922,-8.97592830657959,-7.615939140319824
1.227993274002074,HOLD,0.0,0.8603337402173685,-0.0012271846208022907,-0.0544212049209108,-8.97592830657959,-7.615939140319824
1.236703877999389,HOLD,0.0,0.8597212758785516,-0.0012271846208022907,-0.05439982588238399,-8.97592830657959,-7.615939140319824
1.251753420001478,HOLD,0.0,0.8605442977004154,0.0009544769272906706,-0.04993236712344892,-8.97592830657959,-7.615939140319824
1.2719858630007366,HOLD,0.0,0.8616507594183663,0.0009544769272906706,-0.04997098992349996,-8.97592830657959,-7.615939140319824
1.2807363940009964,HOLD,0.0,0.862129304078736,0.0009544769272906706,-0.04998769428338254,-7.808521270751953,-6.790018558502197
1.2947953049988428,HOLD,0.0,0.8892586076532204,0.03367939886811655,-0.06042770428988881,-7.808521270751953,-6.790018558502197
1.315023728999222,HOLD,0.0,0.928293142804893,0.03367939886811655,-0.061790266610653115,-7.808521270751953,-6.790018558502197
1.3237151020002784,HOLD,0.0,0.9450647758752537,0.03367939886811655,-0.06237570704668144,-7.808521270751953,-6.790018558502197
1.340765052002098,HOLD,0.0,0.9715721201545469,0.027134415853652172,-0.0682774096395309,-7.808521270751953,-6.790018558502197
1.3610002630011877,HOLD,0.0,1.003031549915911,0.027134415853652172,-0.0693755508998023,-7.808521270751953,-6.790018558502197
1.3727178959998128,HOLD,0.0,1.021248807561817,0.027134415853652172,-0.07001145315301263,-7.808521270751953,-6.790018558502197
1.3929401349996624,HOLD,0.0,1.0526880699180092,0.027134415853652172,-0.07110889043804036,-7.808521270751953,-6.790018558502197
1.4131442990001233,HOLD,0.0,1.0840992312984452,0.027134415853652172,-0.07220534681396815,-7.808521270751953,-6.790018558502197
1.4221467550014495,HOLD,0.0,1.086279513594377,0.0042269692494301125,-0.06709961176211945,-7.808521270751953,-6.790018558502197
1.4426639369994518,HOLD,0.0,1.0912485185710266,0.0042269692494301125,-0.06727306275690048,-7.808521270751953,-6.790018558502197
1.4509264590014936,HOLD,0.0,1.093249598102895,0.0042269692494301125,-0.06734291360975123,-8.481532096862793,-7.1135430335998535
1.4659410640015267,HOLD,0.0,1.1119005522063004,0.021680261168512516,-0.07082979848389163,-8.481532096862793,-7.1135430335998535
1.4863538860008703,HOLD,0.0,1.1372571037925658,0.021680261168512516,-0.0717149091081559,-8.481532096862793,-7.1135430335998535
1.4948701850007637,HOLD,0.0,1.14783594364733,0.021680261168512516,-0.07208418028116956,-8.481532096862793,-7.1135430335998535
1.5118924390008033,HOLD,0.0,1.162597429650722,0.015135277222725563,-0.07225013477627115,-8.481532096862793,-7.1135430335998535
1.5324889270013955,HOLD,0.0,1.1804584467251389,0.015135277222725563,-0.07287360188767816,-8.481532096862793,-7.1135430335998535
1.5410872450011084,HOLD,0.0,1.1879148006724587,0.015135277222725563,-0.07313387774082777,-8.481532096862793,-7.1135430335998535
1.556100083002093,HOLD,0.0,1.1981188390223458,0.011862784784170799,-0.07190161404070376,-8.481532096862793,-7.1135430335998535
1.5763889129993913,HOLD,0.0,1.2119089031896404,0.011862784784170799,-0.07238297808826492,-8.481532096862793,-7.1135430335998535
1.5878296939990832,HOLD,0.0,1.2196850590414428,0.011862784784170799,-0.07265441713378927,-9.506026268005371,-8.148022651672363
1.6028500409993285,HOLD,0.0,1.244914547246669,0.029316076237591915,-0.07924564752467858,-9.506026268005371,-8.148022651672363
1.6231605100001616,HOLD,0.0,1.2790297869339258,0.029316076237591915,-0.08043649403997791,-9.506026268005371,-8.148022651672363
1.6317730490009126,HOLD,0.0,1.2934961605225619,0.029316076237591915,-0.0809414657398684,-9.506026268005371,-8.148022651672363
1.6470958960017015,HOLD,0.0,1.3240221445454807,0.03477023092273157,-0.08875712956341911,-9.506026268005371,-8.148022651672363
1.6673497359988687,HOLD,0.0,1.3643715911022758,0.03477023092273157,-0.09016559095096624,-9.506026268005371,-8.148022651672363
1.6757824060005078,HOLD,0.0,1.3811710507410313,0.03477023092273157,-0.09075200271747061,-9.506026268005371,-8.148022651672363
1.6960234219986887,HOLD,0.0,1.4214949494875437,0.03477023092273157,-0.09215957231820551,-9.506026268005371,-8.148022651672363
1.716234985000483,HOLD,0.0,1.4617601723432716,0.03477023092273157,-0.09356509374396896,-9.506026268005371,-8.148022651672363
1.725852321000275,HOLD,0.0,1.4725045402072012,0.019498600784572773,-0.0932315756523103,-9.506026268005371,-8.148022651672363
1.7461043180010165,HOLD,0.0,1.4951298187417013,0.019498600784572773,-0.09402134686152594,-9.506026268005371,-8.148022651672363
1.754780331000802,HOLD,0.0,1.5048225522870353,0.019498600784572773,-0.09435968708929511,-10.583483695983887,-9.469432830810547
1.7698428539988527,HOLD,0.0,1.524474438312104,0.022771093223127536,-0.09578781046968465,-10.583483695983887,-9.469432830810547
1.7901132779988984,HOLD,0.0,1.55092100786624,0.022771093223127536,-0.09671096989883937,-10.583483695983887,-9.469432830810547
1.8017739030001394,HOLD,0.0,1.5661344799741408,0.022771093223127536,-0.09724202025672575,-10.583483695983887,-9.469432830810547
1.8158524720020068,HOLD,0.0,1.5915418971789779,0.03149773848417681,-0.10221327905017902,-10.583483695983887,-9.469432830810547
1.8361508679990948,HOLD,0.0,1.6281741582858131,0.03149773848417681,-0.10349198618770811,-10.583483695983887,-9.469432830810547
1.8447879170016677,HOLD,0.0,1.64376133247929,0.03149773848417681,-0.10403608120922422,-10.583483695983887,-9.469432830810547
1.8598343480007316,HOLD,0.0,1.6558690072296973,0.014044446099433117,-0.10074489993295614,-10.583483695983887,-9.469432830810547
1.8800749570000335,HOLD,0.0,1.672156372022648,0.014044446099433117,-0.10131343621717694,-10.583483695983887,-9.469432830810547
1.8888949969987152,HOLD,0.0,1.6792537478452778,0.014044446099433117,-0.10156118136988959,-12.1485595703125,-10.413050651550293
1.9038455949994386,HOLD,0.0,1.6996940185904983,0.023861923415097408,-0.10323061726149887,-12.1485595703125,-10.413050651550293
1.9240840269994806,HOLD,0.0,1.7273637498962007,0.023861923415097408,-0.10419647309035218,-12.1485595703125,-10.413050651550293
1.9329719000015757,HOLD,0.0,1.7395151387906898,0.023861923415097408,-0.1046206365801504,-12.1485595703125,-10.413050651550293
1.9488823780011444,HOLD,0.0,1.7712117939349215,0.03477023092273157,-0.11085513024555851,-12.1485595703125,-10.413050651550293
1.9691484690010839,HOLD,0.0,1.811585646786113,0.03477023092273157,-0.11226444357349649,-12.1485595703125,-10.413050651550293
1.9779749350018392,HOLD,0.0,1.8291696218857807,0.03477023092273157,-0.11287824009565228,-12.1485595703125,-10.413050651550293
1.9982053950006957,HOLD,0.0,1.8694724911025518,0.03477023092273157,-0.11428507562731893,-12.1485595703125,-10.413050651550293
2.018410254000628,HOLD,0.0,1.9097243583296737,0.03477023092273157,-0.1156901308536967,-12.1485595703125,-10.413050651550293
2.02684540500195,HOLD,0.0,1.9238927755236097,0.029316076237591915,-0.11810549738101037,-12.1485595703125,-10.413050651550293
2.047216652001225,HOLD,0.0,1.9581101032514963,0.029316076237591915,-0.11929990744118149,-12.1485595703125,-10.413050651550293
2.059060016999865,HOLD,0.0,1.9780032546905741,0.029316076237591915,-0.11999430942360101,-14.227086067199707,-12.03830337524414
2.0768772270021145,HOLD,0.0,2.0146120543907555,0.03586106297734659,-0.1254268286735678,-14.227086067199707,-12.03830337524414
2.0971423629998753,HOLD,0.0,2.0562505771754838,0.03586106297734659,-0.12688028731008819,-14.227086067199707,-12.03830337524414
2.108778894998977,HOLD,0.0,2.0801600146859633,0.03586106297734659,-0.1277148841238036,-14.227086067199707,-12.03830337524414
2.1258169200009434,HOLD,0.0,2.1141029548566332,0.03477023092273157,-0.13178708828554825,-14.227086067199707,-12.03830337524414
2.1460642410020228,HOLD,0.0,2.15443941435101,0.03477023092273157,-0.13319509633909665,-14.227086067199707,-12.03830337524414
2.154996883000422,HOLD,0.0,2.1722349119443454,0.03477023092273157,-0.1338162763891655,-14.227086067199707,-12.03830337524414
2.169825712000602,HOLD,0.0,2.191581900323018,0.022771093223127536,-0.1320018562317684,-14.227086067199707,-12.03830337524414
2.1900584309987607,HOLD,0.0,2.2179792766311257,0.022771093223127536,-0.13292329849269727,-14.227086067199707,-12.03830337524414
2.203786611000396,HOLD,0.0,2.235890261979243,0.022771093223127536,-0.1335485098258995,-16.68003273010254,-15.076183319091797
2.2187836160010193,HOLD,0.0,2.2563939797947667,0.023861923415097408,-0.13270875071024651,-16.68003273010254,-15.076183319091797
2.239020214001357,HOLD,0.0,2.2840612036789936,0.023861923415097408,-0.13367451901357888,-16.68003273010254,-15.076183319091797
2.2487736160001077,HOLD,0.0,2.297395933000977,0.023861923415097408,-0.13413998887664055,-16.68003273010254,-15.076183319091797
2.2638174169987906,HOLD,0.0,2.33394766926129,0.04240604785445612,-0.14158915583433868,-16.68003273010254,-15.076183319091797
2.2840495980017295,HOLD,0.0,2.3831055479154335,0.04240604785445612,-0.14330508950595994,-16.68003273010254,-15.076183319091797
2.2957572960003745,HOLD,0.0,2.411551596191354,0.04240604785445612,-0.14429804390915207,-16.68003273010254,-15.076183319091797
2.3159899310012406,HOLD,0.0,2.460710577918617,0.04240604785445612,-0.14601401608528902,-16.68003273010254,-15.076183319091797
2.3362128260014288,HOLD,0.0,2.509845894487322,0.04240604785445612,-0.14772916219155627,-16.68003273010254,-15.076183319091797
2.341889514002105,HOLD,0.0,2.521864506892012,0.036951891306671314,-0.15090564482246568,-16.68003273010254,-15.076183319091797
2.362129992001428,HOLD,0.0,2.564717392224188,0.036951891306671314,-0.1524014927085178,-16.68003273010254,-15.076183319091797
2.37100646700128,HOLD,0.0,2.583510553400288,0.036951891306671314,-0.15305749778727962,-18.3818416595459,-15.596713066101074
2.388830510000844,HOLD,0.0,2.6167913846196136,0.03258857053879183,-0.15467945277723827,-18.3818416595459,-15.596713066101074
2.4090595150009904,HOLD,0.0,2.65456273095003,0.03258857053879183,-0.15599792148999195,-18.3818416595459,-15.596713066101074
2.417752000001201,HOLD,0.0,2.6707932307404314,0.03258857053879183,-0.15656447281116545,-18.3818416595459,-15.596713066101074
2.4328229220009234,HOLD,0.0,2.703643130882759,0.038042723361286335,-0.1602609996328757,-18.3818416595459,-15.596713066101074
2.4530928269996366,HOLD,0.0,2.7478251892275933,0.038042723361286335,-0.1618032444097269,-18.3818416595459,-15.596713066101074
2.4617514589990606,HOLD,0.0,2.766698301075394,0.038042723361286335,-0.16246204029340944,-18.3818416595459,-15.596713066101074
2.4788111689995276,HOLD,0.0,2.809214295852518,0.04349687618378084,-0.16816766880072254,-18.3818416595459,-15.596713066101074
2.4991193800015026,HOLD,0.0,2.8598261639832807,0.04349687618378084,-0.16993435627965653,-18.3818416595459,-15.596713066101074
2.5107952450016455,HOLD,0.0,2.888924607939883,0.04349687618378084,-0.17095008358815605,-20.26578140258789,-17.607975006103516
2.528938139999809,HOLD,0.0,2.938675827916329,0.047860200676950626,-0.17780929083242591,-20.26578140258789,-17.607975006103516
2.549199563000002,HOLD,0.0,2.9942364489098607,0.047860200676950626,-0.17974872237400555,-20.26578140258789,-17.607975006103516
2.5577546679996885,HOLD,0.0,3.0176961509477156,0.047860200676950626,-0.18056762045820032,-20.26578140258789,-17.607975006103516
2.5727960069998517,HOLD,0.0,3.0542419053208327,0.04240604785445612,-0.18375969645473372,-20.26578140258789,-17.607975006103516
2.5930234309998923,HOLD,0.0,3.1033882259441743,0.04240604785445612,-0.1854752266749699,-20.26578140258789,-17.607975006103516
2.601722878000146,HOLD,0.0,3.12452516416821,0.04240604785445612,-0.18621304500657004,-20.26578140258789,-17.607975006103516
2.621937551000883,HOLD,0.0,3.173640503847065,0.04240604785445612,-0.1879274937878329,-20.26578140258789,-17.607975006103516
2.6421282250012155,HOLD,0.0,3.2226975334529953,0.04240604785445612,-0.18963990716357657,-20.26578140258789,-17.607975006103516
2.6507760800013784,HOLD,0.0,3.2334397905220684,0.021680261168512516,-0.18325767881003013,-20.26578140258789,-17.607975006103516
2.671000207999896,HOLD,0.0,3.258561948786033,0.021680261168512516,-0.1841346075638567,-20.26578140258789,-17.607975006103516
2.6797126560013567,HOLD,0.0,3.269384442471561,0.021680261168512516,-0.1845123838600342,-22.017337799072266,-19.81560516357422
2.692749197001831,HOLD,0.0,3.2978000278003696,0.038042723361286335,-0.18664349669212327,-22.017337799072266,-19.81560516357422
2.7129695090006862,HOLD,0.0,3.341873988903833,0.038042723361286335,-0.18818196816342597,-22.017337799072266,-19.81560516357422
2.724690957002167,HOLD,0.0,3.3674230824748315,0.038042723361286335,-0.18907379977085403,-22.017337799072266,-19.81560516357422
2.7417351299991424,HOLD,0.0,3.408835097710551,0.04240604785445612,-0.19317605902870136,-22.017337799072266,-19.81560516357422
2.761950127998716,HOLD,0.0,3.4579512270350397,0.04240604785445612,-0.1948905353737967,-22.017337799072266,-19.81560516357422
2.7707126770001196,HOLD,0.0,3.4792414834067773,0.04240604785445612,-0.19563370551835774,-22.017337799072266,-19.81560516357422
2.7867801370011875,HOLD,0.0,3.5052255784616286,0.028225246045622043,-0.19299376659961964,-22.017337799072266,-19.81560516357422
2.8070464379998157,HOLD,0.0,3.5379999865836083,0.028225246045622043,-0.19413780926386148,-22.017337799072266,-19.81560516357422
2.815708107998944,HOLD,0.0,3.552007530811267,0.028225246045622043,-0.19462676479764424,-22.913818359375,-21.20383071899414
2.831748067001172,HOLD,0.0,3.576944654700336,0.027134415853652172,-0.19222333860257645,-22.913818359375,-21.20383071899414
2.85196275799899,HOLD,0.0,3.6083721822720602,0.027134415853652172,-0.1933203662663522,-22.913818359375,-21.20383071899414
2.8607083810020413,HOLD,0.0,3.621968893104294,0.027134415853652172,-0.19379498100928033,-22.913818359375,-21.20383071899414
2.8757495429999835,HOLD,0.0,3.6444131276518466,0.0260435856616823,-0.19152298368978027,-22.913818359375,-21.20383071899414
2.8959591050006566,HOLD,0.0,3.674569584294523,0.0260435856616823,-0.19257564260807952,-22.913818359375,-21.20383071899414
2.904696932000661,HOLD,0.0,3.687608060886349,0.0260435856616823,-0.19303077130002266,-22.913818359375,-21.20383071899414
2.9249052429986477,HOLD,0.0,3.7177626507984014,0.0260435856616823,-0.19408336505713064,-22.913818359375,-21.20383071899414
2.9450982119997207,HOLD,0.0,3.747894347573793,0.0260435856616823,-0.19513515969301692,-22.913818359375,-21.20383071899414
2.9527631029995973,HOLD,0.0,3.7574155790844452,0.021680261168512516,-0.19127782445204855,-22.913818359375,-21.20383071899414
2.9729748040008417,HOLD,0.0,3.7825223006881856,0.021680261168512516,-0.19215421436478225,-22.913818359375,-21.20383071899414
2.9846881960002065,HOLD,0.0,3.797072529387167,0.021680261168512516,-0.19266211316021303,-22.842988967895508,-21.742122650146484
3.0027620069995464,HOLD,0.0,3.813875526023225,0.01622610834601801,-0.18771523612751323,-22.842988967895508,-21.742122650146484
3.0229875779987196,STEP+10,10.0,3.8326789870903935,0.01622610834601801,0.16069424965856735,-22.842988967895508,-21.742122650146484
3.031708163998701,STEP+10,10.0,3.840786407115284,0.01622610834601801,0.16041124731201442,-22.842988967895508,-21.742122650146484
3.0467588729989075,STEP+10,10.0,3.8406688234521313,-0.00013635384675581008,0.17138706644422216,-22.842988967895508,-21.742122650146484
3.0669673340016743,STEP+10,10.0,3.8405109448517707,-0.00013635384675581008,0.17139257744701164,-22.842988967895508,-21.742122650146484
3.0756992810020165,STEP+10,10.0,3.840442726516359,-0.00013635384675581008,0.17139495871613797,-22.842988967895508,-21.742122650146484
3.0927482219995,STEP+10,10.0,3.83285061992351,-0.0077721693814964965,0.18349167119490586,-22.842988967895508,-21.742122650146484
3.1129535250001936,STEP+10,10.0,3.8238529458659416,-0.0077721693814964965,0.18380574926955756,-22.842988967895508,-21.742122650146484
3.122704778001207,STEP+10,10.0,3.8195105909825235,-0.0077721693814964965,0.18395732604956896,-22.918773651123047,-23.255815505981445
3.1387340430010227,STEP+10,10.0,3.8113707299128587,-0.008863000039127655,0.19414315143674474,-22.918773651123047,-23.255815505981445
3.1589496609994967,STEP+10,10.0,3.8011049864775313,-0.008863000039127655,0.19450149348296766,-22.918773651123047,-23.255815505981445
3.1677032850020623,STEP+10,10.0,3.7966597868231626,-0.008863000039127655,0.19465666022272216,-22.918773651123047,-23.255815505981445
3.183760494001035,STEP+10,10.0,3.7744556774620652,-0.024134631108609028,0.20946173478979052,-22.918773651123047,-23.255815505981445
3.2039706489995297,STEP+10,10.0,3.7465088224500884,-0.024134631108609028,0.21043726406086347,-22.918773651123047,-23.255815505981445
3.2216676829993958,STEP+10,10.0,3.722037142575633,-0.024134631108609028,0.21129148683547003,-22.918773651123047,-23.255815505981445
3.2418743839989475,STEP+10,10.0,3.6940950637965786,-0.024134631108609028,0.2122668493845623,-22.918773651123047,-23.255815505981445
3.2620627710020926,STEP+10,10.0,3.6661783098407277,-0.024134631108609028,0.2132413279305598,-22.918773651123047,-23.255815505981445
3.270741533000546,STEP+10,10.0,3.647125715230698,-0.038315431054797955,0.22,-22.918773651123047,-23.255815505981445
3.290961161001178,STEP+10,10.0,3.6027373133445426,-0.038315431054797955,0.22,-22.918773651123047,-23.255815505981445
3.2997009790015,STEP+10,10.0,3.583550681731042,-0.038315431054797955,0.22,-22.86164665222168,-23.649980545043945
3.3157334190000256,STEP+10,10.0,3.5744071805443975,-0.009953831162420101,0.22,-22.86164665222168,-23.649980545043945
3.3359536210009537,STEP+10,10.0,3.5628753462754603,-0.009953831162420101,0.22,-22.86164665222168,-23.649980545043945
3.344698837001488,STEP+10,10.0,3.557887840138796,-0.009953831162420101,0.22,-22.86164665222168,-23.649980545043945
3.359745027999452,STEP+10,10.0,3.553068357222454,-0.0055905076005728915,0.22,-22.86164665222168,-23.649980545043945
3.3799567749993003,STEP+10,10.0,3.54659428219653,-0.0055905076005728915,0.22,-22.86164665222168,-23.649980545043945
3.3887003890013148,STEP+10,10.0,3.5437935934165257,-0.0055905076005728915,0.22,-22.86164665222168,-23.649980545043945
3.4047542289990815,STEP+10,10.0,3.5306244280024512,-0.014317153792944737,0.22,-22.86164665222168,-23.649980545043945
3.424969133000559,STEP+10,10.0,3.5140418898270296,-0.014317153792944737,0.22,-22.86164665222168,-23.649980545043945
3.4366731740010437,STEP+10,10.0,3.5044409188462593,-0.014317153792944737,0.22,-22.746562957763672,-24.10456657409668
3.454748329000722,STEP+10,10.0,3.490743340071919,-0.013226323600974865,0.22,-22.746562957763672,-24.10456657409668
3.4749628540012054,STEP+10,10.0,3.4754245199243234,-0.013226323600974865,0.22,-22.746562957763672,-24.10456657409668
3.4836989590003213,STEP+10,10.0,3.4688041901728814,-0.013226323600974865,0.22,-22.746562957763672,-24.10456657409668
3.498762668001291,STEP+10,10.0,3.4583302049888034,-0.012135492477682419,0.22,-22.746562957763672,-24.10456657409668
3.518972064000991,STEP+10,10.0,3.444278359306814,-0.012135492477682419,0.22,-22.746562957763672,-24.10456657409668
3.527762817000621,STEP+10,10.0,3.4381660388504716,-0.012135492477682419,0.22,-22.746562957763672,-24.10456657409668
3.5480103330010024,STEP+10,10.0,3.424087687855459,-0.012135492477682419,0.22,-22.746562957763672,-24.10456657409668
3.56821216300159,STEP+10,10.0,3.410041102907237,-0.012135492477682419,0.22,-22.746562957763672,-24.10456657409668
3.5757961010021972,STEP+10,10.0,3.406189884421137,-0.008863000039127655,0.22,-22.746562957763672,-24.10456657409668
3.596018273001391,STEP+10,10.0,3.395920812782344,-0.008863000039127655,0.22,-22.746562957763672,-24.10456657409668
3.6047197110019624,STEP+10,10.0,3.391502113831908,-0.008863000039127655,0.22,-23.532669067382812,-24.08637809753418
3.620737106000888,STEP+10,10.0,3.381366106351343,-0.011044661354389973,0.22,-23.532669067382812,-24.08637809753418
3.6409531310018792,STEP+10,10.0,3.3685731533991885,-0.011044661354389973,0.22,-23.532669067382812,-24.08637809753418
3.652668374001223,STEP+10,10.0,3.3611596014023783,-0.011044661354389973,0.22,-23.532669067382812,-24.08637809753418
3.66776620300152,STEP+10,10.0,3.349718277548903,-0.013226323600974865,0.22,-23.532669067382812,-24.08637809753418
3.6879836449988943,STEP+10,10.0,3.3343972468645404,-0.013226323600974865,0.22,-23.532669067382812,-24.08637809753418
3.696710508000251,STEP+10,10.0,3.327783920814717,-0.013226323600974865,0.22,-23.532669067382812,-24.08637809753418
3.7117509759991663,STEP+10,10.0,3.311685920535937,-0.018680476423469372,0.22,-23.532669067382812,-24.08637809753418
3.731966890001786,STEP+10,10.0,3.2900485759218303,-0.018680476423469372,0.22,-23.532669067382812,-24.08637809753418
3.7406919109998853,STEP+10,10.0,3.2807100772481257,-0.018680476423469372,0.22,-23.59781265258789,-24.623802185058594
3.756748730000254,STEP+10,10.0,3.2765704286316604,-0.004499676942941733,0.22,-23.59781265258789,-24.623802185058594
3.776960830000462,STEP+10,10.0,3.2713594966407227,-0.004499676942941733,0.22,-23.59781265258789,-24.623802185058594
3.785706703001779,STEP+10,10.0,3.2691047012750367,-0.004499676942941733,0.22,-23.59781265258789,-24.623802185058594
3.8017444020006224,STEP+10,10.0,3.2629652694606537,-0.006681338723865338,0.22,-23.59781265258789,-24.623802185058594
3.821956076000788,STEP+10,10.0,3.255227987797773,-0.006681338723865338,0.22,-23.59781265258789,-24.623802185058594
3.8317130700015696,STEP+10,10.0,3.2514928884306222,-0.006681338723865338,0.22,-23.59781265258789,-24.623802185058594
3.8519183739990694,STEP+10,10.0,3.2437580452844528,-0.006681338723865338,0.22,-23.59781265258789,-24.623802185058594
3.8721067420010513,STEP+10,10.0,3.236029685449244,-0.006681338723865338,0.22,-23.59781265258789,-24.623802185058594
3.8787582719996863,STEP+10,10.0,3.2251689842962112,-0.028497953739133663,0.22,-23.59781265258789,-24.623802185058594
3.898968428002263,STEP+10,10.0,3.192169589473487,-0.028497953739133663,0.22,-23.59781265258789,-24.623802185058594
3.9116920060005214,STEP+10,10.0,3.171394372603874,-0.028497953739133663,0.22,-23.935808181762695,-24.207807540893555
3.9277619189997495,STEP+10,10.0,3.1762906740757093,0.005317799907061271,0.22,-23.935808181762695,-24.207807540893555
3.9479740829992807,STEP+10,10.0,3.182449067611794,0.005317799907061271,0.22,-23.935808181762695,-24.207807540893555
3.9576860960005433,STEP+10,10.0,3.185408196485414,0.005317799907061271,0.22,-23.935808181762695,-24.207807540893555
3.9747617130014987,STEP+10,10.0,3.1820731149518533,-0.003408846285310574,0.22,-23.935808181762695,-24.207807540893555
3.9949725170008605,STEP+10,10.0,3.1781256921914975,-0.003408846285310574,0.22,-23.935808181762695,-24.207807540893555
4.003722686000401,STEP+10,10.0,3.176416674763649,-0.003408846285310574,0.22,-23.935808181762695,-24.207807540893555
4.018759885999316,STEP+10,10.0,3.1584425216788814,-0.020862138670054264,0.22,-23.935808181762695,-24.207807540893555
4.038972827998805,STEP+10,10.0,3.1342817394974527,-0.020862138670054264,0.22,-23.935808181762695,-24.207807540893555
4.047698571001092,STEP+10,10.0,3.123851749837624,-0.020862138670054264,0.22,-23.939807891845703,-24.28180694580078
4.062759114000073,STEP+10,10.0,3.136912064569294,0.015135277222725563,0.22,-23.939807891845703,-24.28180694580078
4.082970639999985,STEP+10,10.0,3.1544392474061964,0.015135277222725563,0.22,-23.939807891845703,-24.28180694580078
4.092722883000533,STEP+10,10.0,3.1628962706978205,0.015135277222725563,0.22,-23.939807891845703,-24.28180694580078
4.108764583001175,STEP+10,10.0,3.175804825960093,0.014044446099433117,0.22,-23.939807891845703,-24.28180694580078
4.1289763870008755,STEP+10,10.0,3.1920690117302986,0.014044446099433117,0.22,-23.939807891845703,-24.28180694580078
4.141689262,STEP+10,10.0,3.202298903167115,0.014044446099433117,0.22,-23.939807891845703,-24.28180694580078
4.161895287001244,STEP+10,10.0,3.218558438649575,0.014044446099433117,0.22,-23.939807891845703,-24.28180694580078
4.182080598999164,STEP+10,10.0,3.23480130663744,0.014044446099433117,0.22,-23.939807891845703,-24.28180694580078
4.189744592000352,STEP+10,10.0,3.2265984394474967,-0.018680476423469372,0.22,-23.939807891845703,-24.28180694580078
4.209951311000623,STEP+10,10.0,3.2049709363589587,-0.018680476423469372,0.22,-23.939807891845703,-24.28180694580078
4.223711168000591,STEP+10,10.0,3.1902435899866624,-0.018680476423469372,0.22,-24.048625946044922,-24.577167510986328
4.239736691000871,STEP+10,10.0,3.1961279618815293,0.0064086310303537175,0.22,-24.048625946044922,-24.577167510986328
4.259944243000064,STEP+10,10.0,3.203547922593328,0.0064086310303537175,0.22,-24.048625946044922,-24.577167510986328
4.268693987000006,STEP+10,10.0,3.206760719310143,0.0064086310303537175,0.22,-24.048625946044922,-24.577167510986328
4.285791539001366,STEP+10,10.0,3.2044899507025524,-0.0023180153948487714,0.22,-24.048625946044922,-24.577167510986328
4.306034979999822,STEP+10,10.0,3.201801368715772,-0.0023180153948487714,0.22,-24.048625946044922,-24.577167510986328
4.314714768999693,STEP+10,10.0,3.2006485842481567,-0.0023180153948487714,0.22,-24.048625946044922,-24.577167510986328
4.330771756001923,STEP+10,10.0,3.1814554670136284,-0.020862138670054264,0.22,-24.048625946044922,-24.577167510986328
4.350997346002259,STEP+10,10.0,3.15727956651872,-0.020862138670054264,0.22,-24.048625946044922,-24.577167510986328
4.362707183001476,STEP+10,10.0,3.1432826520109134,-0.020862138670054264,0.22,-23.75773811340332,-24.09235382080078
4.379744031000882,STEP+10,10.0,3.1495383698145116,0.0064086310303537175,0.22,-23.75773811340332,-24.09235382080078
4.399957313999039,STEP+10,10.0,3.156960434877553,0.0064086310303537175,0.22,-23.75773811340332,-24.09235382080078
4.408716762001859,STEP+10,10.0,3.160176794783026,0.0064086310303537175,0.22,-23.75773811340332,-24.09235382080078
4.42472432300201,STEP+10,10.0,3.169055989026832,0.009681123468908481,0.22,-23.75773811340332,-24.09235382080078
4.4449363950006955,STEP+10,10.0,3.1802673730312057,0.009681123468908481,0.22,-23.75773811340332,-24.09235382080078
4.454714351999428,STEP+10,10.0,3.185691083707586,0.009681123468908481,0.22,-23.75773811340332,-24.09235382080078
4.474952434000443,STEP+10,10.0,3.196916895135535,0.009681123468908481,0.22,-23.75773811340332,-24.09235382080078
4.495180932000949,STEP+10,10.0,3.208137390438051,0.009681123468908481,0.22,-23.75773811340332,-24.09235382080078
4.501820905999921,STEP+10,10.0,3.208500514013307,0.0009544769272906706,0.22,-23.75773811340332,-24.09235382080078
4.522067533998779,STEP+10,10.0,3.209607751473418,0.0009544769272906706,0.22,-23.75773811340332,-24.09235382080078
4.530734517000383,STEP+10,10.0,3.2100817271026463,0.0009544769272906706,0.22,-24.91694450378418,-24.36323356628418
4.547813791999943,STEP+10,10.0,3.2184879327013745,0.008590292345616035,0.22,-24.91694450378418,-24.36323356628418
4.568054698000196,STEP+10,10.0,3.2284502535462023,0.008590292345616035,0.22,-24.91694450378418,-24.36323356628418
4.579696220000187,STEP+10,10.0,3.2341800651111874,0.008590292345616035,0.22,-24.91694450378418,-24.36323356628418
4.594763911001792,STEP+10,10.0,3.241596194218592,0.008590292345616035,0.22,-24.91694450378418,-24.36323356628418
4.61497735300145,STEP+10,10.0,3.2515449976257313,0.008590292345616035,0.22,-24.91694450378418,-24.36323356628418
4.623720653002238,STEP+10,10.0,3.255848340561534,0.008590292345616035,0.22,-24.91694450378418,-24.36323356628418
4.640756927001348,STEP+10,10.0,3.2397437373533333,-0.01649881603952963,0.22,-24.91694450378418,-24.36323356628418
4.66096763799942,STEP+10,10.0,3.2206382990869282,-0.01649881603952963,0.22,-24.91694450378418,-24.36323356628418
4.669707475000905,STEP+10,10.0,3.212376421693983,-0.01649881603952963,0.22,-24.426971435546875,-24.426971435546875
4.684858888002054,STEP+10,10.0,3.2160459045017737,0.0042269692494301125,0.22,-24.426971435546875,-24.426971435546875
4.705075218000275,STEP+10,10.0,3.2209420468852903,0.0042269692494301125,0.22,-24.426971435546875,-24.426971435546875
4.7137097119994,STEP+10,10.0,3.2230332133845043,0.0042269692494301125,0.22,-24.426971435546875,-24.426971435546875
4.730737292000413,STEP+10,10.0,3.2239644091585964,0.0009544769272906706,0.22,-24.426971435546875,-24.426971435546875
4.751002734999929,STEP+10,10.0,3.2250726755640473,0.0009544769272906706,0.22,-24.426971435546875,-24.426971435546875
4.7597585059993435,STEP+10,10.0,3.2255515067868687,0.0009544769272906706,0.22,-24.426971435546875,-24.426971435546875
4.779982957999891,STEP+10,10.0,3.226657531497081,0.0009544769272906706,0.22,-24.426971435546875,-24.426971435546875
4.800199363999127,STEP+10,10.0,3.2277631161916003,0.0009544769272906706,0.22,-24.426971435546875,-24.426971435546875
4.808816764001676,STEP+10,10.0,3.228772967746576,0.0020453077013371512,0.22,-24.426971435546875,-24.426971435546875
4.829040455999348,STEP+10,10.0,3.231142931634195,0.0020453077013371512,0.22,-24.426971435546875,-24.426971435546875
4.840690747001645,STEP+10,10.0,3.2325082001004506,0.0020453077013371512,0.22,-25.839792251586914,-25.56779670715332
4.855824966001819,STEP+10,10.0,3.2446865167568686,0.014044446099433117,0.22,-25.839792251586914,-25.56779670715332
4.876041084000462,STEP+10,10.0,3.260954173948043,0.014044446099433117,0.22,-25.839792251586914,-25.56779670715332
4.8847111239992955,STEP+10,10.0,3.26793084664773,0.014044446099433117,0.22,-25.839792251586914,-25.56779670715332
4.901756547002151,STEP+10,10.0,3.280581746889442,0.012953615907463245,0.22,-25.839792251586914,-25.56779670715332
4.921967711001344,STEP+10,10.0,3.295582220593136,0.012953615907463245,0.22,-25.839792251586914,-25.56779670715332
4.930680722998659,STEP+10,10.0,3.3020489093672674,0.012953615907463245,0.22,-25.839792251586914,-25.56779670715332
4.9457461909987614,STEP+10,10.0,3.301931210399428,-0.00013635384675581008,0.22,-25.839792251586914,-25.56779670715332
4.965958003002015,STEP+10,10.0,3.301773305619376,-0.00013635384675581008,0.22,-25.839792251586914,-25.56779670715332
4.974686320001638,STEP+10,10.0,3.3017051156433443,-0.00013635384675581008,0.22,-27.073932647705078,-26.379728317260742
4.99176906700086,STEP+10,10.0,3.3111807021379054,0.009681123468908481,0.22,-27.073932647705078,-26.379728317260742
5.011990025999694,STEP+10,10.0,3.322397015650313,0.009681123468908481,0.22,-27.073932647705078,-26.379728317260742
5.021743696001067,STEP+10,10.0,3.3278072546324644,0.009681123468908481,0.22,-27.073932647705078,-26.379728317260742
5.036837302999629,STEP+10,10.0,3.3361794900016526,0.009681123468908481,0.22,-27.073932647705078,-26.379728317260742
5.057049512000958,STEP+10,10.0,3.3473909499996823,0.009681123468908481,0.22,-27.073932647705078,-26.379728317260742
5.068787562999205,STEP+10,10.0,3.353901900347218,0.009681123468908481,0.21977702200385754,-27.073932647705078,-26.379728317260742
5.088995578000322,STEP+10,10.0,3.3651110339856887,0.009681123468908481,0.2193857494272828,-27.073932647705078,-26.379728317260742
5.109191436000401,STEP+10,10.0,3.3763134242874555,0.009681123468908481,0.2189947122375642,-27.073932647705078,-26.379728317260742
5.115990558999329,STEP+10,10.0,3.3796598676125673,0.008590292345616035,0.2178848956898288,-27.073932647705078,-26.379728317260742
5.136220296000829,STEP+10,10.0,3.389616691215864,0.008590292345616035,0.21753733697999317,-27.073932647705078,-26.379728317260742
5.144791077000264,STEP+10,10.0,3.3938351224563457,0.008590292345616035,0.21739008595116238,-28.180574417114258,-26.265390396118164
5.16297205400042,STEP+10,10.0,3.416419304163706,0.021680261168512516,0.21057135885129857,-28.180574417114258,-26.265390396118164
5.183207032001519,STEP+10,10.0,3.4415549401648584,0.021680261168512516,0.2096939596356927,-28.180574417114258,-26.265390396118164
5.192740434002189,STEP+10,10.0,3.4533972126164763,0.021680261168512516,0.2092805863452948,-28.180574417114258,-26.265390396118164
5.208800614000211,STEP+10,10.0,3.4703356830413123,0.018407768729957752,0.2051740068099549,-28.180574417114258,-26.265390396118164
5.229018425001414,STEP+10,10.0,3.491659154742189,0.018407768729957752,0.20442967723168265,-28.180574417114258,-26.265390396118164
5.242727697001101,STEP+10,10.0,3.506118151985143,0.018407768729957752,0.20392496301482999,-28.180574417114258,-26.265390396118164
5.257772376000503,STEP+10,10.0,3.511642370213143,0.0064086310303537175,0.20571953419970923,-28.180574417114258,-26.265390396118164
5.277996919001453,STEP+10,10.0,3.519068569808578,0.0064086310303537175,0.205460310932008,-28.180574417114258,-26.265390396118164
5.289716357001453,STEP+10,10.0,3.523371801072208,0.0064086310303537175,0.20531009982395781,-29.19005584716797,-27.58620834350586
5.305755232999218,STEP+10,10.0,3.5452999518945014,0.023861923415097408,0.19915326823120152,-29.19005584716797,-27.58620834350586
5.325976312000421,STEP+10,10.0,3.572945958397056,0.023861923415097408,0.19818824055420683,-29.19005584716797,-27.58620834350586
5.334731203998672,STEP+10,10.0,3.5849155373249864,0.023861923415097408,0.1977704234294674,-29.19005584716797,-27.58620834350586
5.3517914680014655,STEP+10,10.0,3.6039750515507283,0.019498600784572773,0.19453733414248914,-29.19005584716797,-27.58620834350586
5.372014417000173,STEP+10,10.0,3.6265678780195447,0.019498600784572773,0.193748695724064,-29.19005584716797,-27.58620834350586
5.3807405039988225,STEP+10,10.0,3.6363165536120547,0.019498600784572773,0.19340840275046778,-29.19005584716797,-27.58620834350586
5.400963424999645,STEP+10,10.0,3.6589093488019837,0.019498600784572773,0.1926197654238818,-29.19005584716797,-27.58620834350586
5.421154922001733,STEP+10,10.0,3.6814670374923404,0.019498600784572773,0.19183235354530856,-29.19005584716797,-27.58620834350586
5.4287877950009715,STEP+10,10.0,3.689040278612607,0.01731693853798788,0.19038643307247957,-29.19005584716797,-27.58620834350586
5.44900826400044,STEP+10,10.0,3.709102775042606,0.01731693853798788,0.18968611983473338,-29.19005584716797,-27.58620834350586
5.4577403030016285,STEP+10,10.0,3.7177665949219842,0.01731693853798788,0.1893836954693436,-29.34662437438965,-28.516056060791016
5.473777577000874,STEP+10,10.0,3.728666929615878,0.011862784784170799,0.19023961192080535,-29.34662437438965,-28.516056060791016
5.494005732001824,STEP+10,10.0,3.742415753746507,0.011862784784170799,0.18975968742209112,-29.34662437438965,-28.516056060791016
5.505710819001251,STEP+10,10.0,3.750371555082876,0.011862784784170799,0.1894819775661827,-29.34662437438965,-28.516056060791016
5.5207749440014595,STEP+10,10.0,3.7540198978281025,0.0042269692494301125,0.19339808052292196,-29.34662437438965,-28.516056060791016
5.540993636001076,STEP+10,10.0,3.758916612258828,0.0042269692494301125,0.19322715294422982,-29.34662437438965,-28.516056060791016
5.549707778001903,STEP+10,10.0,3.7610270685083047,0.0042269692494301125,0.1931534841236845,-29.34662437438965,-28.516056060791016
5.566745635998814,STEP+10,10.0,3.7768669525603284,0.01622610834601801,0.19103567553978956,-29.34662437438965,-28.516056060791016
5.586970151998685,STEP+10,10.0,3.7956694328078058,0.01622610834601801,0.1903793451640702,-29.34662437438965,-28.516056060791016
5.595723229998839,STEP+10,10.0,3.803807060239957,0.01622610834601801,0.1900952883800869,-29.322547912597656,-27.300304412841797
5.612742579000042,STEP+10,10.0,3.832394246999321,0.029316076237591915,0.18260950629842165,-29.322547912597656,-27.300304412841797
5.632957262001582,STEP+10,10.0,3.8663485961466098,0.029316076237591915,0.18142427592243782,-29.322547912597656,-27.300304412841797
5.641733579999709,STEP+10,10.0,3.8810900672601223,0.029316076237591915,0.18090970150740096,-29.322547912597656,-27.300304412841797
5.657769826000731,STEP+10,10.0,3.893994233757146,0.014044446099433117,0.18137759236466858,-29.322547912597656,-27.300304412841797
5.67799864799963,STEP+10,10.0,3.910272113698362,0.014044446099433117,0.18080938716423145,-29.322547912597656,-27.300304412841797
5.686734335999063,STEP+10,10.0,3.9173016125226847,0.014044446099433117,0.18056401136573244,-29.322547912597656,-27.300304412841797
5.706956760001049,STEP+10,10.0,3.933574344075843,0.014044446099433117,0.17999598587794088,-29.322547912597656,-27.300304412841797
5.727154406002228,STEP+10,10.0,3.949827137081796,0.014044446099433117,0.1794286563767429,-29.322547912597656,-27.300304412841797
5.735811937000108,STEP+10,10.0,3.958958126446657,0.018407768729957752,0.1780992606617421,-29.322547912597656,-27.300304412841797
5.756027629999153,STEP+10,10.0,3.980279364317221,0.018407768729957752,0.1773550090588576,-29.322547912597656,-27.300304412841797
5.767794004001189,STEP+10,10.0,3.992689211408948,0.018407768729957752,0.17692182367601822,-27.312061309814453,-26.500812530517578
5.786257020001358,STEP+10,10.0,4.011007984954711,0.01731693853798788,0.17591017867961417,-27.312061309814453,-26.500812530517578
5.806493527001294,STEP+10,10.0,4.031086394088176,0.01731693853798788,0.17520930998373127,-27.312061309814453,-26.500812530517578
5.815220771000895,STEP+10,10.0,4.039745456426954,0.01731693853798788,0.17490705168783702,-27.312061309814453,-26.500812530517578
5.829939276001824,STEP+10,10.0,4.055268879059001,0.018407768729957752,0.17363109060299148,-27.312061309814453,-26.500812530517578
5.850162384998839,STEP+10,10.0,4.076597938489616,0.018407768729957752,0.17288656597615587,-27.312061309814453,-26.500812530517578
5.858794046002004,STEP+10,10.0,4.085701643095501,0.018407768729957752,0.1725687867371526,-27.312061309814453,-26.500812530517578
5.8739714399998775,STEP+10,10.0,4.107400573105044,0.02495275360706728,0.16860608411055217,-27.312061309814453,-26.500812530517578
5.894217372999265,STEP+10,10.0,4.136345929810756,0.02495275360706728,0.16759570055519438,-27.312061309814453,-26.500812530517578
5.905800044001808,STEP+10,10.0,4.152905529399654,0.02495275360706728,0.16701766148391803,-26.9632625579834,-24.941017150878906
5.921244059001765,STEP+10,10.0,4.161472131712623,0.009681123468908481,0.17026306904228283,-26.9632625579834,-24.941017150878906
5.941469140001573,STEP+10,10.0,4.17269073164751,0.009681123468908481,0.16987146602962722,-26.9632625579834,-24.941017150878906
5.9501515599986305,STEP+10,10.0,4.177506761626059,0.009681123468908481,0.16970335486962634,-26.9632625579834,-24.941017150878906
5.968212677998963,STEP+10,10.0,4.184138578581374,0.0064086310303537175,0.17361640847493287,-26.9632625579834,-24.941017150878906
5.988438184998813,STEP+10,10.0,4.191565132145165,0.0064086310303537175,0.17335717285140512,-26.9632625579834,-24.941017150878906
5.999766114000522,STEP+10,10.0,4.195724606194376,0.0064086310303537175,0.17321197981678513,-26.9632625579834,-24.941017150878906
6.019992667999759,STEP+10,10.0,4.203151544203266,0.0064086310303537175,0.17295273077359186,-26.9632625579834,-24.941017150878906
6.040198342001531,STEP+10,10.0,4.210570815337867,0.0064086310303537175,0.17269374935479792,-26.9632625579834,-24.941017150878906
6.048843668999325,STEP+10,10.0,4.2234712645787775,0.0260435856616823,0.16770509502404685,-26.9632625579834,-24.941017150878906
6.069063797000126,STEP+10,10.0,4.253643487675212,0.0260435856616823,0.16665188575268874,-26.9632625579834,-24.941017150878906
6.077725605999149,STEP+10,10.0,4.26656853115302,0.0260435856616823,0.1662007166233864,-25.419147491455078,-24.337480545043945
6.094784158001858,STEP+10,10.0,4.283493813087098,0.01731693853798788,0.1654698967178918,-25.419147491455078,-24.337480545043945
6.115010739998979,STEP+10,10.0,4.3035623747569085,0.01731693853798788,0.16476937176333634,-25.419147491455078,-24.337480545043945
6.123878223999782,STEP+10,10.0,4.312360581470801,0.01731693853798788,0.16446225641247936,-25.419147491455078,-24.337480545043945
6.139803895999648,STEP+10,10.0,4.328161834035766,0.01731693853798788,0.16379867575621276,-25.419147491455078,-24.337480545043945
6.160025152999879,STEP+10,10.0,4.348225112310265,0.01731693853798788,0.16309833522694506,-25.419147491455078,-24.337480545043945
6.168741618999775,STEP+10,10.0,4.356873480852544,0.01731693853798788,0.16279645021496775,-25.419147491455078,-24.337480545043945
6.18380844100102,STEP+10,10.0,4.3812393566679395,0.028225246045622043,0.1574929873837959,-25.419147491455078,-24.337480545043945
6.204032752000785,STEP+10,10.0,4.413945859089719,0.028225246045622043,0.1563513150756528,-25.419147491455078,-24.337480545043945
6.21572564500093,STEP+10,10.0,4.432855459185925,0.028225246045622043,0.15569124551182434,-24.266935348510742,-22.918773651123047
6.230814540002029,STEP+10,10.0,4.4544278632887675,0.02495275360706728,0.15268487687695526,-24.266935348510742,-22.918773651123047
6.251060704998963,STEP+10,10.0,4.483373551678465,0.02495275360706728,0.15167448174364223,-24.266935348510742,-22.918773651123047
6.264750561000255,STEP+10,10.0,4.502945767254761,0.02495275360706728,0.15099128253620928,-24.266935348510742,-22.918773651123047
6.279790918000799,STEP+10,10.0,4.519748666563069,0.019498600784572773,0.15078373209035423,-24.266935348510742,-22.918773651123047
6.30002185199919,STEP+10,10.0,4.54235041377397,0.019498600784572773,0.14999478227928692,-24.266935348510742,-22.918773651123047
6.309384976000729,STEP+10,10.0,4.552810779163127,0.019498600784572773,0.149629646645282,-24.266935348510742,-22.918773651123047
6.329776733000472,STEP+10,10.0,4.575592195825895,0.019498600784572773,0.14883442518721401,-24.266935348510742,-22.918773651123047
6.350158630000806,STEP+10,10.0,4.598362597020264,0.019498600784572773,0.1480395882415304,-24.266935348510742,-22.918773651123047
6.353978278999421,STEP+10,10.0,4.605255869743577,0.03149773848417681,0.14330249766138303,-24.266935348510742,-22.918773651123047
6.3742774070015,STEP+10,10.0,4.6418894518906555,0.03149773848417681,0.14202374441085036,-24.266935348510742,-22.918773651123047
6.38287521500024,STEP+10,10.0,4.657405808335837,0.03149773848417681,0.14148212139508742,-23.952096939086914,-21.7239933013916
6.399846083000739,STEP+10,10.0,4.698639715332954,0.04240604785445612,0.13208228679015172,-23.952096939086914,-21.7239933013916
6.42012255300142,STEP+10,10.0,4.747905202414306,0.04240604785445612,0.13036259687581508,-23.952096939086914,-21.7239933013916
6.432200788000046,STEP+10,10.0,4.777251539832522,0.04240604785445612,0.12933821645311688,-23.952096939086914,-21.7239933013916
6.448164100002032,STEP+10,10.0,4.8160374005461,0.04240604785445612,0.12161593472872193,-23.952096939086914,-21.7239933013916
6.4685935150009755,STEP+10,10.0,4.865674496188301,0.04240604785445612,0.11988327322855444,-23.952096939086914,-21.7239933013916
6.476900898000167,STEP+10,10.0,4.885858841383139,0.04240604785445612,0.1191787066665364,-23.952096939086914,-21.7239933013916
6.492029347002244,STEP+10,10.0,4.927343885213297,0.047860200676950626,0.11045422450395675,-23.952096939086914,-21.7239933013916
6.512392549000651,STEP+10,10.0,4.983183603304048,0.047860200676950626,0.10850505063581867,-23.952096939086914,-21.7239933013916
6.520834450999246,STEP+10,10.0,5.0063328814867285,0.047860200676950626,0.10769698838832292,-23.929895401000977,-21.57061004638672
6.535996511000121,STEP+10,10.0,5.041276690464116,0.04022438374522608,0.10371044135953499,-23.929895401000977,-21.57061004638672
6.556371704999037,STEP+10,10.0,5.0882351437965925,0.04022438374522608,0.10207128211494333,-23.929895401000977,-21.57061004638672
6.564871410999331,STEP+10,10.0,5.107824309307153,0.04022438374522608,0.10138749124318854,-23.929895401000977,-21.57061004638672
6.579985841999587,STEP+10,10.0,5.143603001365047,0.0413152157998411,0.09748882407312673,-23.929895401000977,-21.57061004638672
6.6003189149996615,STEP+10,10.0,5.1917351975058095,0.0413152157998411,0.09580869347538273,-23.929895401000977,-21.57061004638672
6.608829131000675,STEP+10,10.0,5.211880474403184,0.0413152157998411,0.09510549065421245,-23.929895401000977,-21.57061004638672
6.629088620000402,STEP+10,10.0,5.259838483418492,0.0413152157998411,0.09343144033417597,-23.929895401000977,-21.57061004638672
6.64933863600163,STEP+10,10.0,5.307774068070211,0.0413152157998411,0.09175817277209405,-23.929895401000977,-21.57061004638672
6.655096173999482,STEP+10,10.0,5.323562316830007,0.047860200676950626,0.08646926080278396,-23.929895401000977,-21.57061004638672
6.675367756000924,STEP+10,10.0,5.3791507957098315,0.047860200676950626,0.08452885683752741,-23.929895401000977,-21.57061004638672
6.687822584000969,STEP+10,10.0,5.41330426943394,0.047860200676950626,0.08333667570256927,-23.395071029663086,-20.609943389892578
6.702906727001391,STEP+10,10.0,5.4518395410086615,0.04458770823839586,0.07951029944665672,-23.395071029663086,-20.609943389892578
6.723186447001353,STEP+10,10.0,5.503647888200542,0.04458770823839586,0.07770184696962737,-23.395071029663086,-20.609943389892578
6.7319152370000666,STEP+10,10.0,5.5259472189023064,0.04458770823839586,0.07692345348615368,-23.395071029663086,-20.609943389892578
6.7489464370009955,STEP+10,10.0,5.568392161417028,0.04349687618378084,0.07389318509527293,-23.395071029663086,-20.609943389892578
6.769245433999458,STEP+10,10.0,5.618981066524083,0.04349687618378084,0.07212729917707877,-23.395071029663086,-20.609943389892578
6.7779176399999415,STEP+10,10.0,5.640593829285735,0.04349687618378084,0.07137287143579227,-23.395071029663086,-20.609943389892578
6.792900969001494,STEP+10,10.0,5.676998637486414,0.04240604785445612,0.06929950691782237,-23.395071029663086,-20.609943389892578
6.813164900999254,STEP+10,10.0,5.726233661137944,0.04240604785445612,0.0675808803777894,-23.395071029663086,-20.609943389892578
6.8218041000000085,STEP+10,10.0,5.747224215546605,0.04240604785445612,0.06684817180528911,-23.602914810180664,-20.826101303100586
6.836863428001379,STEP+10,10.0,5.784754883455717,0.04349687618378084,0.06445969543486438,-23.602914810180664,-20.826101303100586
6.857120444001339,STEP+10,10.0,5.835239164046114,0.04349687618378084,0.06269746160125816,-23.602914810180664,-20.826101303100586
6.865795613000955,STEP+10,10.0,5.856859311156954,0.04349687618378084,0.0619427760975588,-23.602914810180664,-20.826101303100586
6.8788680889992975,STEP+10,10.0,5.895974611525358,0.05222352517012041,0.05622400780879125,-23.602914810180664,-20.826101303100586
6.899149762000889,STEP+10,10.0,5.956661181654201,0.05222352517012041,0.05410564688780975,-23.602914810180664,-20.826101303100586
6.911768517002201,STEP+10,10.0,5.994418863688902,0.05222352517012041,0.052787655148956475,-23.602914810180664,-20.826101303100586
6.932011644999875,STEP+10,10.0,6.054990099935615,0.05222352517012041,0.050673320139939526,-23.602914810180664,-20.826101303100586
6.952265337000426,STEP+10,10.0,6.1155929456605715,0.05222352517012041,0.048557881751982196,-23.602914810180664,-20.826101303100586
6.958200080000097,STEP+10,10.0,6.131867123762257,0.047860200676950626,0.046252426183311685,-23.602914810180664,-20.826101303100586
6.978574838001805,STEP+10,10.0,6.187738530580873,0.047860200676950626,0.04430214616989958,-23.602914810180664,-20.826101303100586
6.986910165000154,STEP+10,10.0,6.210595560129489,0.047860200676950626,0.043504285324201614,-23.396757125854492,-19.732206344604492
7.003900199000782,STEP+10,10.0,6.251876034518846,0.04240604785445612,0.04285508239399266,-23.396757125854492,-19.732206344604492
7.024171484001272,STEP+10,10.0,6.301128923669694,0.04240604785445612,0.04113583223038847,-23.396757125854492,-19.732206344604492
7.032795144001284,STEP+10,10.0,6.322081723161435,0.04240604785445612,0.040404441553106324,-23.396757125854492,-19.732206344604492
7.048870251001063,STEP+10,10.0,6.37219084601748,0.054405185554060154,0.03448905408265604,-23.396757125854492,-19.732206344604492
7.06913701799931,STEP+10,10.0,6.435366159091539,0.054405185554060154,0.03228381964441493,-23.396757125854492,-19.732206344604492
7.077791595002054,STEP+10,10.0,6.462344098479662,0.054405185554060154,0.03134211190896252,-23.396757125854492,-19.732206344604492
7.092851370001881,STEP+10,10.0,6.506464533209945,0.05113269311550539,0.02777801588771371,-23.396757125854492,-19.732206344604492
7.113107072000275,STEP+10,10.0,6.565807410374212,0.05113269311550539,0.025706558699467683,-23.396757125854492,-19.732206344604492
7.124819093998667,STEP+10,10.0,6.60011997494743,0.05113269311550539,0.02450882424625607,-23.255815505981445,-21.233570098876953
7.13985580300141,STEP+10,10.0,6.642293245906318,0.04895103273156565,0.022290161679223833,-23.255815505981445,-21.233570098876953
7.160198375000618,STEP+10,10.0,6.699347804903689,0.04895103273156565,0.020298581863668883,-23.255815505981445,-21.233570098876953
7.168848416000401,STEP+10,10.0,6.723608467447785,0.04895103273156565,0.019451724983449395,-23.255815505981445,-21.233570098876953
7.183904115001496,STEP+10,10.0,6.7639530348492976,0.046769368622335605,0.018318869395926585,-23.255815505981445,-21.233570098876953
7.204164622999087,STEP+10,10.0,6.81824486350755,0.046769368622335605,0.016423727061896348,-23.255815505981445,-21.233570098876953
7.2127809779995005,STEP+10,10.0,6.841334001716557,0.046769368622335605,0.015617764095505915,-23.255815505981445,-21.233570098876953
7.233039522001491,STEP+10,10.0,6.895620567480481,0.046769368622335605,0.013722805471144128,-23.255815505981445,-21.233570098876953
7.253395881001779,STEP+10,10.0,6.95016924686606,0.046769368622335605,0.011818697355357927,-23.255815505981445,-21.233570098876953
7.259111911000218,STEP+10,10.0,6.9697734432350895,0.05985933837655466,0.00611874229427653,-23.255815505981445,-21.233570098876953
7.279375252001046,STEP+10,10.0,7.0392703696300405,0.05985933837655466,0.003692841923060436,-23.255815505981445,-21.233570098876953
7.292892200999631,STEP+10,10.0,7.0856292800190355,0.05985933837655466,0.002074610675210503,-23.532669067382812,-20.210411071777344
7.30790662200161,STEP+10,10.0,7.125863235285074,0.046769368622335605,0.0018936569852033847,-23.532669067382812,-20.210411071777344
7.328179359999922,STEP+10,10.0,7.180187836522558,0.046769368622335605,-2.629327650771618e-06,-23.532669067382812,-20.210411071777344
7.340772494000703,STEP+10,10.0,7.213933499440888,0.046769368622335605,-0.0011805751800367803,-23.532669067382812,-20.210411071777344
7.355952295001771,STEP+10,10.0,7.261251785614864,0.054405185554060154,-0.004907840700217922,-23.532669067382812,-20.210411071777344
7.376212959999975,STEP+10,10.0,7.324408077610569,0.054405185554060154,-0.0071124111775698745,-23.532669067382812,-20.210411071777344
7.384812980999413,STEP+10,10.0,7.3512159557062695,0.054405185554060154,-0.008048182654056366,-23.532669067382812,-20.210411071777344
7.400849837998976,STEP+10,10.0,7.399201240099417,0.05222352517012041,-0.010510957502739074,-23.532669067382812,-20.210411071777344
7.421094919001916,STEP+10,10.0,7.45977832010424,0.05222352517012041,-0.01262549649739543,-23.532669067382812,-20.210411071777344
7.4298145700013265,STEP+10,10.0,7.485869151557504,0.05222352517012041,-0.01353623832428015,-23.086063385009766,-19.69105339050293
7.445082595000713,STEP+10,10.0,7.533462448477641,0.054405185554060154,-0.016700439894807448,-23.086063385009766,-19.69105339050293
7.465393750000658,STEP+10,10.0,7.596776127276446,0.054405185554060154,-0.018910504207985998,-23.086063385009766,-19.69105339050293
7.473883827999089,STEP+10,10.0,7.623241292421949,0.054405185554060154,-0.01983431274573215,-23.086063385009766,-19.69105339050293
7.489073749999079,STEP+10,10.0,7.666793645961013,0.05004186106089037,-0.020811552564367578,-23.086063385009766,-19.69105339050293
7.50943053499941,STEP+10,10.0,7.725160364187328,0.05004186106089037,-0.022848935377633564,-23.086063385009766,-19.69105339050293
7.517834453999967,STEP+10,10.0,7.749255975173754,0.05004186106089037,-0.023690030871619264,-23.086063385009766,-19.69105339050293
7.538218888999836,STEP+10,10.0,7.807701971131399,0.05004186106089037,-0.025730180999755672,-23.086063385009766,-19.69105339050293
7.558583562000422,STEP+10,10.0,7.8660913057329545,0.05004186106089037,-0.027768353273447247,-23.086063385009766,-19.69105339050293
7.564013776998763,STEP+10,10.0,7.882000138793773,0.05113269311550539,-0.028325589838325574,-23.086063385009766,-19.69105339050293
7.584306284999911,STEP+10,10.0,7.941450846044626,0.05113269311550539,-0.03040081100665888,-23.086063385009766,-19.69105339050293
7.596815520999371,STEP+10,10.0,7.978098998520093,0.05113269311550539,-0.03168007285759851,-22.28101921081543,-18.938865661621094
7.61491265800214,STEP+10,10.0,8.026593669111575,0.046769368622335605,-0.03162905722791785,-22.28101921081543,-18.938865661621094
7.635176340001635,STEP+10,10.0,8.08089400310284,0.046769368622335605,-0.033524496454078165,-22.28101921081543,-18.938865661621094
7.643782490999001,STEP+10,10.0,8.10395579777312,0.046769368622335605,-0.03432950495090874,-22.28101921081543,-18.938865661621094
7.658836581002106,STEP+10,10.0,8.151823097702882,0.055496013883384876,-0.038096007852825686,-22.28101921081543,-18.938865661621094
7.679139846000908,STEP+10,10.0,8.216381133097295,0.055496013883384876,-0.04034950840532875,-22.28101921081543,-18.938865661621094
7.687891681998735,STEP+10,10.0,8.244209235530436,0.055496013883384876,-0.04132089242940984,-22.28101921081543,-18.938865661621094
7.703908281000622,STEP+10,10.0,8.287128714588007,0.046769368622335605,-0.04100490191161202,-22.28101921081543,-18.938865661621094
7.724206111000967,STEP+10,10.0,8.341520554547998,0.046769368622335605,-0.04290353529865129,-22.28101921081543,-18.938865661621094
7.733891326999583,STEP+10,10.0,8.367473906141033,0.046769368622335605,-0.04380947817310368,-21.728059768676758,-17.993549346923828
7.748288572001911,STEP+10,10.0,8.401554884473041,0.0413152157998411,-0.041366137241783785,-21.728059768676758,-17.993549346923828
7.768630884998856,STEP+10,10.0,8.449708953418849,0.0413152157998411,-0.0430470313444572,-21.728059768676758,-17.993549346923828
7.779289064001205,STEP+10,10.0,8.474938861472712,0.0413152157998411,-0.043927721275487885,-21.728059768676758,-17.993549346923828
7.794691652001347,STEP+10,10.0,8.507549026974285,0.036951891306671314,-0.04041430779369844,-21.728059768676758,-17.993549346923828
7.814976362999005,STEP+10,10.0,8.550495561853946,0.036951891306671314,-0.04191342466564381,-21.728059768676758,-17.993549346923828
7.828870478999306,STEP+10,10.0,8.579912009418711,0.036951891306671314,-0.04294025239413464,-21.728059768676758,-17.993549346923828
7.849159661000158,STEP+10,10.0,8.622868010250077,0.036951891306671314,-0.044439699690128134,-21.728059768676758,-17.993549346923828
7.869423649000964,STEP+10,10.0,8.665770670661566,0.036951891306671314,-0.04593728505421914,-21.728059768676758,-17.993549346923828
7.873371658999531,STEP+10,10.0,8.676350103438311,0.046769368622335605,-0.046512189452752234,-21.728059768676758,-17.993549346923828
7.893625805001648,STEP+10,10.0,8.730624883937244,0.046769368622335605,-0.04840673669375942,-21.728059768676758,-17.993549346923828
7.9029516789996705,STEP+10,10.0,8.755615311287304,0.046769368622335605,-0.049279067171237395,-21.46690559387207,-18.43952178955078
7.918072536002001,STEP+10,10.0,8.783848787261213,0.03258857053879183,-0.04475677219078497,-21.46690559387207,-18.43952178955078
7.9384922470017045,STEP+10,10.0,8.82197621746014,0.03258857053879183,-0.04608767057537619,-21.46690559387207,-18.43952178955078
7.946916323999176,STEP+10,10.0,8.837705549168906,0.03258857053879183,-0.0466367278302888,-21.46690559387207,-18.43952178955078
7.963285107998672,STEP+10,10.0,8.877476580153962,0.04240604785445612,-0.047545726263352545,-21.46690559387207,-18.43952178955078
7.983567975999904,STEP+10,10.0,8.926757612377711,0.04240604785445612,-0.04926595880552423,-21.46690559387207,-18.43952178955078
7.991852589999326,STEP+10,10.0,8.946886636016876,0.04240604785445612,-0.0499685942809546,-21.46690559387207,-18.43952178955078
8.009240421000868,STEP+10,10.0,9.003261243441576,0.0565868459379999,-0.05722534058882059,-21.46690559387207,-18.43952178955078
8.029512400000385,STEP-10,0.0,9.068986799304074,0.0565868459379999,-0.22,-21.46690559387207,-18.43952178955078
8.041802099000051,STEP-10,0.0,9.108832307143002,0.0565868459379999,-0.22,-21.750041961669922,-18.069265365600586
8.05881280000176,STEP-10,0.0,9.158668345415215,0.05113269311550539,-0.22,-21.750041961669922,-18.069265365600586
8.079095307999523,STEP-10,0.0,9.218089755781042,0.05113269311550539,-0.22,-21.750041961669922,-18.069265365600586
8.087761393999244,STEP-10,0.0,9.243478679700695,0.05113269311550539,-0.22,-21.750041961669922,-18.069265365600586
8.103320251000696,STEP-10,0.0,9.29392341057921,0.0565868459379999,-0.22,-21.750041961669922,-18.069265365600586
8.123578129001544,STEP-10,0.0,9.359603248360814,0.0565868459379999,-0.22,-21.750041961669922,-18.069265365600586
8.133171967001545,STEP-10,0.0,9.390708269504524,0.0565868459379999,-0.22,-21.750041961669922,-18.069265365600586
8.153401502000634,STEP-10,0.0,9.456296213961583,0.0565868459379999,-0.22,-21.750041961669922,-18.069265365600586
8.173613481001667,STEP-10,0.0,9.521827238582102,0.0565868459379999,-0.22,-21.750041961669922,-18.069265365600586
8.18031956699997,STEP-10,0.0,9.542312235272707,0.05331435349944513,-0.22,-21.750041961669922,-18.069265365600586
8.200578787000268,STEP-10,0.0,9.604197820212324,0.05331435349944513,-0.22,-21.750041961669922,-18.069265365600586
8.20881986400127,STEP-10,0.0,9.629371734643973,0.05331435349944513,-0.22,-21.166967391967773,-18.3818416595459
8.226244823999878,STEP-10,0.0,9.660818341781637,0.03149773848417681,-0.22,-21.166967391967773,-18.3818416595459
8.246477638000215,STEP-10,0.0,9.697332247880066,0.03149773848417681,-0.22,-21.166967391967773,-18.3818416595459
8.258776309001405,STEP-10,0.0,9.71952750544856,0.03149773848417681,-0.22,-21.166967391967773,-18.3818416595459
8.275265953001508,STEP-10,0.0,9.76474520119477,0.047860200676950626,-0.22,-21.166967391967773,-18.3818416595459
8.29552555400005,STEP-10,0.0,9.820300825918142,0.047860200676950626,-0.22,-21.166967391967773,-18.3818416595459
8.30884615100149,STEP-10,0.0,9.856828400580468,0.047860200676950626,-0.22,-21.166967391967773,-18.3818416595459
8.325245462001476,STEP-10,0.0,9.884374117296684,0.029316076237591915,-0.22,-21.166967391967773,-18.3818416595459
8.34549584100023,STEP-10,0.0,9.91838842456216,0.029316076237591915,-0.22,-21.166967391967773,-18.3818416595459
8.353816621001897,STEP-10,0.0,9.932364734224443,0.029316076237591915,-0.22,-20.850040435791016,-17.963111877441406
8.370826860002126,STEP-10,0.0,9.958810340305632,0.027134415853652172,-0.22,-20.850040435791016,-17.963111877441406
8.391102108002087,STEP-10,0.0,9.990332015092108,0.027134415853652172,-0.22,-20.850040435791016,-17.963111877441406
8.399795888999506,STEP-10,0.0,10.003848127805798,0.027134415853652172,-0.22,-20.850040435791016,-17.963111877441406
8.416787977999775,STEP-10,0.0,10.046195598376404,0.04349687618378084,-0.22,-20.850040435791016,-17.963111877441406
8.437030892000621,STEP-10,0.0,10.096644734141911,0.04349687618378084,-0.22,-20.850040435791016,-17.963111877441406
8.45018821100166,STEP-10,0.0,10.129435239133718,0.04349687618378084,-0.22,-20.850040435791016,-17.963111877441406
8.470420255001955,STEP-10,0.0,10.179857284820518,0.04349687618378084,-0.22,-20.850040435791016,-17.963111877441406
8.490640641000937,STEP-10,0.0,10.230250276583016,0.04349687618378084,-0.22,-20.850040435791016,-17.963111877441406
8.499338960002206,STEP-10,0.0,10.254646343838187,0.04895103273156565,-0.22,-20.850040435791016,-17.963111877441406
8.519579447001888,STEP-10,0.0,10.311414586305455,0.04895103273156565,-0.22,-20.850040435791016,-17.963111877441406
8.531800274999114,STEP-10,0.0,10.345690190786124,0.04895103273156565,-0.22,-19.858898162841797,-17.24588394165039
8.547253215001547,STEP-10,0.0,10.373577918127664,0.03149773848417681,-0.22,-19.858898162841797,-17.24588394165039
8.567490684999939,STEP-10,0.0,10.410100226847485,0.03149773848417681,-0.22,-19.858898162841797,-17.24588394165039
8.57582750200163,STEP-10,0.0,10.42514557610807,0.03149773848417681,-0.22,-19.858898162841797,-17.24588394165039
8.591710636999778,STEP-10,0.0,10.462743934657134,0.0413152157998411,-0.22,-19.858898162841797,-17.24588394165039
8.611946736000391,STEP-10,0.0,10.510646575159027,0.0413152157998411,-0.22,-19.858898162841797,-17.24588394165039
8.621775637999235,STEP-10,0.0,10.533913429060304,0.0413152157998411,-0.22,-19.858898162841797,-17.24588394165039
8.637232521999977,STEP-10,0.0,10.564706439916996,0.03477023092273157,-0.22,-19.858898162841797,-17.24588394165039
8.657460640999489,STEP-10,0.0,10.605004645424174,0.03477023092273157,-0.22,-19.858898162841797,-17.24588394165039
8.665795699998853,STEP-10,0.0,10.62160964564584,0.03477023092273157,-0.22,-19.437694549560547,-17.355085372924805
8.68226715900164,STEP-10,0.0,10.648247082825835,0.028225246045622043,-0.22,-19.437694549560547,-17.355085372924805
8.702532463001262,STEP-10,0.0,10.68101987861351,0.028225246045622043,-0.22,-19.437694549560547,-17.355085372924805
8.71080578100009,STEP-10,0.0,10.694399384850728,0.028225246045622043,-0.22,-19.437694549560547,-17.355085372924805
8.726808453000558,STEP-10,0.0,10.735281210980457,0.04458770823839586,-0.22,-19.437694549560547,-17.355085372924805
8.747054397001193,STEP-10,0.0,10.787003271049048,0.04458770823839586,-0.22,-19.437694549560547,-17.355085372924805
8.758717641001567,STEP-10,0.0,10.81679921470883,0.04458770823839586,-0.22,-19.437694549560547,-17.355085372924805
8.77896960200087,STEP-10,0.0,10.868536646328709,0.04458770823839586,-0.22,-19.437694549560547,-17.355085372924805
8.799203090999072,STEP-10,0.0,10.920226887758266,0.04458770823839586,-0.22,-19.437694549560547,-17.355085372924805
8.806284872000106,STEP-10,0.0,10.935220345382886,0.036951891306671314,-0.22,-19.437694549560547,-17.355085372924805
8.826520065002114,STEP-10,0.0,10.97806204138525,0.036951891306671314,-0.22,-19.437694549560547,-17.355085372924805
8.835822355002165,STEP-10,0.0,10.997756732721697,0.036951891306671314,-0.22,-19.425445556640625,-16.415868759155273
8.852236528000503,STEP-10,0.0,11.030456842738518,0.03477023092273157,-0.22,-19.425445556640625,-16.415868759155273
8.87245906300086,STEP-10,0.0,11.070743923872465,0.03477023092273157,-0.22,-19.425445556640625,-16.415868759155273
8.880823991999932,STEP-10,0.0,11.087408430733714,0.03477023092273157,-0.22,-19.425445556640625,-16.415868759155273
8.89623467400088,STEP-10,0.0,11.114256728485424,0.030406908292206936,-0.22,-19.425445556640625,-16.415868759155273
8.916470088999631,STEP-10,0.0,11.149510615820361,0.030406908292206936,-0.22,-19.425445556640625,-16.415868759155273
8.924793239999417,STEP-10,0.0,11.16401110556254,0.030406908292206936,-0.22,-19.425445556640625,-16.415868759155273
8.940225272999669,STEP-10,0.0,11.191861102299013,0.03149773848417681,-0.22,-19.425445556640625,-16.415868759155273
8.960449947000598,STEP-10,0.0,11.228360318242428,0.03149773848417681,-0.22,-19.425445556640625,-16.415868759155273
8.972780849999253,STEP-10,0.0,11.250613744493183,0.03149773848417681,-0.22,-19.012052536010742,-16.975046157836914
8.988229271999444,STEP-10,0.0,11.282355424959285,0.03586106297734659,-0.22,-19.012052536010742,-16.975046157836914
9.008482679000736,STEP-10,0.0,11.323969848320907,0.03586106297734659,-0.22,-19.012052536010742,-16.975046157836914
9.016788663000625,STEP-10,0.0,11.3410360502979,0.03586106297734659,-0.22,-19.012052536010742,-16.975046157836914
9.033820668999397,STEP-10,0.0,11.372837999888436,0.03258857053879183,-0.22,-19.012052536010742,-16.975046157836914
9.054051250001066,STEP-10,0.0,11.410612288909277,0.03258857053879183,-0.22,-19.012052536010742,-16.975046157836914
9.062736539999605,STEP-10,0.0,11.42682935428212,0.03258857053879183,-0.22,-19.012052536010742,-16.975046157836914
9.082974435001233,STEP-10,0.0,11.464617299912641,0.03258857053879183,-0.22,-19.012052536010742,-16.975046157836914
9.103201230002014,STEP-10,0.0,11.502384519759753,0.03258857053879183,-0.22,-19.012052536010742,-16.975046157836914
9.112345779001771,STEP-10,0.0,11.5148868328705,0.023861923415097408,-0.22,-19.012052536010742,-16.975046157836914
9.132579498000268,STEP-10,0.0,11.54255012061939,0.023861923415097408,-0.22,-19.012052536010742,-16.975046157836914
9.141832834000525,STEP-10,0.0,11.555201165957682,0.023861923415097408,-0.22,-18.98995590209961,-17.338655471801758
9.15725545100213,STEP-10,0.0,11.589781565982541,0.039133555415901355,-0.22,-18.98995590209961,-17.338655471801758
9.177511290999973,STEP-10,0.0,11.635198958497192,0.039133555415901355,-0.22,-18.98995590209961,-17.338655471801758
9.189779701999214,STEP-10,0.0,11.662707037053442,0.039133555415901355,-0.22,-18.98995590209961,-17.338655471801758
9.205228643000737,STEP-10,0.0,11.689621989158224,0.030406908292206936,-0.22,-18.98995590209961,-17.338655471801758
9.22546983400025,STEP-10,0.0,11.724885939369564,0.030406908292206936,-0.22,-18.98995590209961,-17.338655471801758
9.233799680001539,STEP-10,0.0,11.739398093059762,0.030406908292206936,-0.22,-18.98995590209961,-17.338655471801758
9.249236563999148,STEP-10,0.0,11.763397623772782,0.027134415853652172,-0.22,-18.98995590209961,-17.338655471801758
9.269457303002127,STEP-10,0.0,11.794834554102579,0.027134415853652172,-0.22,-18.98995590209961,-17.338655471801758
9.277837536999868,STEP-10,0.0,11.80786319921271,0.027134415853652172,-0.22,-19.151845932006836,-17.441862106323242
9.294268847999774,STEP-10,0.0,11.837516580443546,0.03149773848417681,-0.22,-19.151845932006836,-17.441862106323242
9.314509421001276,STEP-10,0.0,11.874044489114228,0.03149773848417681,-0.22,-19.151845932006836,-17.441862106323242
9.330192454999633,STEP-10,0.0,11.902347464209285,0.03149773848417681,-0.22,-19.151845932006836,-17.441862106323242
9.34621791400059,STEP-10,0.0,11.933271590709838,0.03367939886811655,-0.22,-19.151845932006836,-17.441862106323242
9.366453663002176,STEP-10,0.0,11.97232026082413,0.03367939886811655,-0.22,-19.151845932006836,-17.441862106323242
9.374777879002067,STEP-10,0.0,11.988383395651233,0.03367939886811655,-0.22,-19.151845932006836,-17.441862106323242
9.39501715499864,STEP-10,0.0,12.027438871763353,0.03367939886811655,-0.22,-19.151845932006836,-17.441862106323242
9.415241458998935,STEP-10,0.0,12.066465456602725,0.03367939886811655,-0.22,-19.151845932006836,-17.441862106323242
9.420879831999628,STEP-10,0.0,12.07487896655039,0.0260435856616823,-0.22,-19.151845932006836,-17.441862106323242
9.441114560999267,STEP-10,0.0,12.105072977075388,0.0260435856616823,-0.22,-19.151845932006836,-17.441862106323242
9.4541943539989,STEP-10,0.0,12.124590481238787,0.0260435856616823,-0.22,-19.820297241210938,-17.970401763916016
9.468264580998948,STEP-10,0.0,12.150862233950425,0.03258857053879183,-0.22,-19.820297241210938,-17.970401763916016
9.488519098002143,STEP-10,0.0,12.188681215975368,0.03258857053879183,-0.22,-19.820297241210938,-17.970401763916016
9.496807637999154,STEP-10,0.0,12.204157474684006,0.03258857053879183,-0.22,-19.820297241210938,-17.970401763916016
9.515264728001057,STEP-10,0.0,12.232852481943388,0.027134415853652172,-0.22,-19.820297241210938,-17.970401763916016
9.535523217000446,STEP-10,0.0,12.264348101721028,0.027134415853652172,-0.22,-19.820297241210938,-17.970401763916016
9.543809238999529,STEP-10,0.0,12.277230276613745,0.027134415853652172,-0.22,-19.820297241210938,-17.970401763916016
9.558801512001082,STEP-10,0.0,12.307097695252663,0.03477023092273157,-0.22,-19.820297241210938,-17.970401763916016
9.579076936999627,STEP-10,0.0,12.347490143179057,0.03477023092273157,-0.22,-19.820297241210938,-17.970401763916016
9.587831078999443,STEP-10,0.0,12.36493003530922,0.03477023092273157,-0.22,-19.78479766845703,-18.049287796020508
9.602822732998902,STEP-10,0.0,12.398544135450695,0.039133555415901355,-0.22,-19.78479766845703,-18.049287796020508
9.623067202999664,STEP-10,0.0,12.4439360342993,0.039133555415901355,-0.22,-19.78479766845703,-18.049287796020508
9.631792178999603,STEP-10,0.0,12.46349906697098,0.039133555415901355,-0.22,-19.78479766845703,-18.049287796020508
9.64682605499911,STEP-10,0.0,12.490630514753391,0.03149773848417681,-0.22,-19.78479766845703,-18.049287796020508
9.667080562001502,STEP-10,0.0,12.527183569941016,0.03149773848417681,-0.22,-19.78479766845703,-18.049287796020508
9.681200197999715,STEP-10,0.0,12.552665100239972,0.03149773848417681,-0.22,-19.78479766845703,-18.049287796020508
9.701448067000456,STEP-10,0.0,12.589206175909132,0.03149773848417681,-0.22,-19.78479766845703,-18.049287796020508
9.72165734200098,STEP-10,0.0,12.625677601469322,0.03149773848417681,-0.22,-19.78479766845703,-18.049287796020508
9.727970038999047,STEP-10,0.0,12.638253677422737,0.03477023092273157,-0.22,-19.78479766845703,-18.049287796020508
9.748194427000271,STEP-10,0.0,12.67854445008182,0.03477023092273157,-0.22,-19.78479766845703,-18.049287796020508
9.756751873999747,STEP-10,0.0,12.695592488894025,0.03477023092273157,-0.22,-20.916471481323242,-18.714736938476562
9.774244176998764,STEP-10,0.0,12.738093320024504,0.04240604785445612,-0.22,-20.916471481323242,-18.714736938476562
9.79451635100122,STEP-10,0.0,12.78734836917238,0.04240604785445612,-0.22,-20.916471481323242,-18.714736938476562
9.805196817000251,STEP-10,0.0,12.813298564629497,0.04240604785445612,-0.22,-20.916471481323242,-18.714736938476562
9.820262895998894,STEP-10,0.0,12.845196277507421,0.036951891306671314,-0.22,-20.916471481323242,-18.714736938476562
9.840495329000987,STEP-10,0.0,12.888032130072691,0.036951891306671314,-0.22,-20.916471481323242,-18.714736938476562
9.848797786002251,STEP-10,0.0,12.905609987565107,0.036951891306671314,-0.22,-20.916471481323242,-18.714736938476562
9.867261357001553,STEP-10,0.0,12.932007123654227,0.02495275360706728,-0.22,-20.916471481323242,-18.714736938476562
9.887502891000622,STEP-10,0.0,12.960946191164311,0.02495275360706728,-0.22,-20.916471481323242,-18.714736938476562
9.899815895001666,STEP-10,0.0,12.9785499386893,0.02495275360706728,-0.22,-21.14164924621582,-19.51536750793457
9.918226836998656,STEP-10,0.0,13.010625251942427,0.030406908292206936,-0.22,-21.14164924621582,-19.51536750793457
9.93844959299895,STEP-10,0.0,13.045857084928322,0.030406908292206936,-0.22,-21.14164924621582,-19.51536750793457
9.94680725299986,STEP-10,0.0,13.060417695821354,0.030406908292206936,-0.22,-21.14164924621582,-19.51536750793457
9.962255304999417,STEP-10,0.0,13.09408962150634,0.038042723361286335,-0.22,-21.14164924621582,-19.51536750793457
9.982493792998866,STEP-10,0.0,13.138203200610914,0.038042723361286335,-0.22,-21.14164924621582,-19.51536750793457
9.990821833001974,STEP-10,0.0,13.15635572522012,0.038042723361286335,-0.22,-21.14164924621582,-19.51536750793457
10.011060535001889,STEP-10,0.0,13.200469770778831,0.038042723361286335,-0.22,-21.14164924621582,-19.51536750793457
10.031275458000891,STEP-10,0.0,13.244531985546732,0.038042723361286335,-0.22,-21.14164924621582,-19.51536750793457
10.039334414999757,STEP-10,0.0,13.258068514399628,0.029316076237591915,-0.22,-21.14164924621582,-19.51536750793457
10.059561144000327,STEP-10,0.0,13.292043097060192,0.029316076237591915,-0.22,-21.14164924621582,-19.51536750793457
10.067758055000013,STEP-10,0.0,13.305811345515602,0.029316076237591915,-0.22,-21.594684600830078,-19.656700134277344
10.084837551999954,STEP-10,0.0,13.337701969712365,0.03258857053879183,-0.22,-21.594684600830078,-19.656700134277344
10.105098837000696,STEP-10,0.0,13.37553358885808,0.03258857053879183,-0.22,-21.594684600830078,-19.656700134277344
10.120176214000821,STEP-10,0.0,13.4036858795131,0.03258857053879183,-0.22,-21.594684600830078,-19.656700134277344
10.138236673999927,STEP-10,0.0,13.432893029200724,0.028225246045622043,-0.22,-21.594684600830078,-19.656700134277344
10.158476043001428,STEP-10,0.0,13.465623883234295,0.028225246045622043,-0.22,-21.594684600830078,-19.656700134277344
10.166813832998741,STEP-10,0.0,13.479107652779899,0.028225246045622043,-0.22,-21.594684600830078,-19.656700134277344
10.182280746001197,STEP-10,0.0,13.50992064328829,0.03477023092273157,-0.22,-21.594684600830078,-19.656700134277344
10.202532273000543,STEP-10,0.0,13.550265481919773,0.03477023092273157,-0.22,-21.594684600830078,-19.656700134277344
10.210810414999287,STEP-10,0.0,13.566757092805146,0.03477023092273157,-0.22,-22.11741828918457,-20.16588020324707
10.229565597001056,STEP-10,0.0,13.597087738213482,0.028225246045622043,-0.22,-22.11741828918457,-20.16588020324707
10.249792770999193,STEP-10,0.0,13.629798870640368,0.028225246045622043,-0.22,-22.11741828918457,-20.16588020324707
10.259798385999602,STEP-10,0.0,13.645979825890022,0.028225246045622043,-0.22,-22.11741828918457,-20.16588020324707
10.277258022000751,STEP-10,0.0,13.674215330533992,0.028225246045622043,-0.22,-22.11741828918457,-20.16588020324707
10.297539844999847,STEP-10,0.0,13.707014840640701,0.028225246045622043,-0.22,-22.11741828918457,-20.16588020324707
10.305844154001534,STEP-10,0.0,13.720444465139556,0.028225246045622043,-0.22,-22.11741828918457,-20.16588020324707
10.326098476001789,STEP-10,0.0,13.753199500975413,0.028225246045622043,-0.22,-22.11741828918457,-20.16588020324707
10.346321354001702,STEP-10,0.0,13.785903685967781,0.028225246045622043,-0.22,-22.11741828918457,-20.16588020324707
10.353370495999116,STEP-10,0.0,13.794219470650457,0.020589430976542644,-0.22,-22.11741828918457,-20.16588020324707
10.373608930000046,STEP-10,0.0,13.818094498210977,0.020589430976542644,-0.22,-22.11741828918457,-20.16588020324707
10.390855908000958,STEP-10,0.0,13.838440542528861,0.020589430976542644,-0.22,-22.480619430541992,-20.67183494567871
10.405843321001157,STEP-10,0.0,13.859867859086696,0.02495275360706728,-0.22,-22.480619430541992,-20.67183494567871
10.426088817999698,STEP-10,0.0,13.888812592447463,0.02495275360706728,-0.22,-22.480619430541992,-20.67183494567871
10.43520665500182,STEP-10,0.0,13.901848249753003,0.02495275360706728,-0.22,-22.480619430541992,-20.67183494567871
10.451249689001997,STEP-10,0.0,13.91576056840628,0.015135277222725563,-0.22,-22.480619430541992,-20.67183494567871
10.471501907999482,STEP-10,0.0,13.933323039702284,0.015135277222725563,-0.22,-22.480619430541992,-20.67183494567871
10.479909697998664,STEP-10,0.0,13.940614170147883,0.015135277222725563,-0.22,-22.480619430541992,-20.67183494567871
10.495300565002253,STEP-10,0.0,13.953960937729486,0.015135277222725563,-0.22,-22.480619430541992,-20.67183494567871
10.515550774998701,STEP-10,0.0,13.971521666844891,0.015135277222725563,-0.22,-22.480619430541992,-20.67183494567871
10.523848545999499,STEP-10,0.0,13.9787173901896,0.015135277222725563,-0.22,-22.731246948242188,-22.381534576416016
10.540895746002207,STEP-10,0.0,13.989238708632357,0.010771953660878353,-0.22,-22.731246948242188,-22.381534576416016
10.56115862400111,STEP-10,0.0,14.001744703280115,0.010771953660878353,-0.22,-22.731246948242188,-22.381534576416016
10.571786517000874,STEP-10,0.0,14.008304105798318,0.010771953660878353,-0.22,-22.731246948242188,-22.381534576416016
10.590250772998843,STEP-10,0.0,14.01854599808733,0.009681123468908481,-0.22,-22.731246948242188,-22.381534576416016
10.610501030001615,STEP-10,0.0,14.029778562836757,0.009681123468908481,-0.22,-22.731246948242188,-22.381534576416016
10.621771302001434,STEP-10,0.0,14.036030042013751,0.009681123468908481,-0.22,-22.731246948242188,-22.381534576416016
10.642001660999085,STEP-10,0.0,14.04725156958815,0.009681123468908481,-0.22,-22.731246948242188,-22.381534576416016
10.662208844001725,STEP-10,0.0,14.058460241727452,0.009681123468908481,-0.22,-22.731246948242188,-22.381534576416016
10.67125277300147,STEP-10,0.0,14.064607287232173,0.011862784784170799,-0.22,-22.731246948242188,-22.381534576416016
10.69150265099961,STEP-10,0.0,14.078370876212484,0.011862784784170799,-0.22,-22.731246948242188,-22.381534576416016
10.69984215400109,STEP-10,0.0,14.084039132170519,0.011862784784170799,-0.22,-24.048625946044922,-23.255813598632812
10.714832372999808,STEP-10,0.0,14.091417130526798,0.008590292345616035,-0.22,-24.048625946044922,-23.255813598632812
10.73514976899969,STEP-10,0.0,14.101417098793027,0.008590292345616035,-0.22,-24.048625946044922,-23.255813598632812
10.743831282001338,STEP-10,0.0,14.105690030940425,0.008590292345616035,-0.22,-24.048625946044922,-23.255813598632812
10.76192461300161,STEP-10,0.0,14.111202842566183,0.005317799907061271,-0.22,-24.048625946044922,-23.255813598632812
10.782264713001496,STEP-10,0.0,14.117400216601219,0.005317799907061271,-0.22,-24.048625946044922,-23.255813598632812
10.792227170000842,STEP-10,0.0,14.120435652628242,0.005317799907061271,-0.22,-24.048625946044922,-23.255813598632812
10.810313455000141,STEP-10,0.0,14.123685532059518,0.0031361385917989537,-0.22,-24.048625946044922,-23.255813598632812
10.830587989999913,STEP-10,0.0,14.127328612674301,0.0031361385917989537,-0.22,-24.048625946044922,-23.255813598632812
10.841832328002056,STEP-10,0.0,14.129349079718411,0.0031361385917989537,-0.22,-24.238454818725586,-24.238454818725586
10.859273270001722,STEP-10,0.0,14.12812276349356,-0.0012271846208022907,-0.22,-24.238454818725586,-24.238454818725586
10.879539287001535,STEP-10,0.0,14.126697809184297,-0.0012271846208022907,-0.22,-24.238454818725586,-24.238454818725586
10.887793224999768,STEP-10,0.0,14.126117454173292,-0.0012271846208022907,-0.22,-24.238454818725586,-24.238454818725586
10.904256926001835,STEP-10,0.0,14.122901887486421,-0.003408846285310574,-0.22,-24.238454818725586,-24.238454818725586
10.924491082001623,STEP-10,0.0,14.11894990378836,-0.003408846285310574,-0.22,-24.238454818725586,-24.238454818725586
10.932805344000371,STEP-10,0.0,14.117326024448852,-0.003408846285310574,-0.22,-24.238454818725586,-24.238454818725586
10.95302529699984,STEP-10,0.0,14.113376814774368,-0.003408846285310574,-0.22,-24.238454818725586,-24.238454818725586
10.973226628000702,STEP-10,0.0,14.10943124220908,-0.003408846285310574,-0.22,-24.238454818725586,-24.238454818725586
10.980308103000425,STEP-10,0.0,14.10583518071364,-0.008863000039127655,-0.22,-24.238454818725586,-24.238454818725586
11.000572379001824,STEP-10,0.0,14.095544728136394,-0.008863000039127655,-0.22,-24.238454818725586,-24.238454818725586
11.008843753999827,STEP-10,0.0,14.091344420552756,-0.008863000039127655,-0.22,-25.623172760009766,-25.90168571472168
11.02523537900197,STEP-10,0.0,14.079947118772408,-0.012135492477682419,-0.22,-25.623172760009766,-25.90168571472168
11.045477313000447,STEP-10,0.0,14.065872649013103,-0.012135492477682419,-0.22,-25.623172760009766,-25.90168571472168
11.05674592899959,STEP-10,0.0,14.058037439436731,-0.012135492477682419,-0.22,-25.623172760009766,-25.90168571472168
11.073800582998956,STEP-10,0.0,14.039783630788216,-0.018680476423469372,-0.22,-25.623172760009766,-25.90168571472168
11.09404815599919,STEP-10,0.0,14.018112401154545,-0.018680476423469372,-0.22,-25.623172760009766,-25.90168571472168
11.104178252000565,STEP-10,0.0,14.007270033199905,-0.018680476423469372,-0.22,-25.623172760009766,-25.90168571472168
11.119283146999805,STEP-10,0.0,13.975054125591408,-0.037224599000182934,-0.22,-25.623172760009766,-25.90168571472168
11.139518792999297,STEP-10,0.0,13.93189528854218,-0.037224599000182934,-0.22,-25.623172760009766,-25.90168571472168
11.147792519001086,STEP-10,0.0,13.91424898299255,-0.037224599000182934,-0.22,-24.09235382080078,-26.7692813873291
11.164236164000613,STEP-10,0.0,13.8832886817849,-0.03286127823230345,-0.22,-24.09235382080078,-26.7692813873291
11.184488633,STEP-10,0.0,13.845157078941511,-0.03286127823230345,-0.22,-24.09235382080078,-26.7692813873291
11.192794628001138,STEP-10,0.0,13.829518447295555,-0.03286127823230345,-0.22,-24.09235382080078,-26.7692813873291
11.207786622999265,STEP-10,0.0,13.780677339369056,-0.05685955363151152,-0.22,-24.09235382080078,-26.7692813873291
11.22802170399882,STEP-10,0.0,13.714755240600729,-0.05685955363151152,-0.22,-24.09235382080078,-26.7692813873291
11.236793291001959,STEP-10,0.0,13.686179055272458,-0.05685955363151152,-0.22,-24.09235382080078,-26.7692813873291
11.257016472998657,STEP-10,0.0,13.620295721223757,-0.05685955363151152,-0.22,-24.09235382080078,-26.7692813873291
11.277229229999648,STEP-10,0.0,13.554446349855846,-0.05685955363151152,-0.22,-24.09235382080078,-26.7692813873291
11.283020130002114,STEP-10,0.0,13.53594261541444,-0.055768721576896496,-0.22,-24.09235382080078,-26.7692813873291
11.303257915002177,STEP-10,0.0,13.471276570557176,-0.055768721576896496,-0.22,-24.09235382080078,-26.7692813873291
11.316202373000124,STEP-10,0.0,13.429914983726128,-0.055768721576896496,-0.22,-23.809524536132812,-27.68549346923828
11.332274970998697,STEP-10,0.0,13.368512633836966,-0.0666770346724661,-0.22,-23.809524536132812,-27.68549346923828
11.352532746001089,STEP-10,0.0,13.291121599183871,-0.0666770346724661,-0.22,-23.809524536132812,-27.68549346923828
11.360813637998945,STEP-10,0.0,13.259486002506106,-0.0666770346724661,-0.22,-23.809524536132812,-27.68549346923828
11.376868744999229,STEP-10,0.0,13.192129815260511,-0.07322201209899504,-0.22,-23.809524536132812,-27.68549346923828
11.397118994002085,STEP-10,0.0,13.107173697336027,-0.07322201209899504,-0.22,-23.809524536132812,-27.68549346923828
11.41075247000117,STEP-10,0.0,13.049977008320718,-0.07322201209899504,-0.22,-23.809524536132812,-27.68549346923828
11.426786773001368,STEP-10,0.0,12.971684511028338,-0.08522115724917967,-0.22,-23.809524536132812,-27.68549346923828
11.447021095002128,STEP-10,0.0,12.872884107890252,-0.08522115724917967,-0.22,-23.809524536132812,-27.68549346923828
11.455777144001331,STEP-10,0.0,12.830129961199022,-0.08522115724917967,-0.22,-22.59136199951172,-28.23920249938965
11.469807658999343,STEP-10,0.0,12.75022179652086,-0.09940195160743315,-0.22,-22.59136199951172,-28.23920249938965
11.490048824998667,STEP-10,0.0,12.634942034788585,-0.09940195160743315,-0.22,-22.59136199951172,-28.23920249938965
11.498774717001652,STEP-10,0.0,12.585245354713962,-0.09940195160743315,-0.22,-22.59136199951172,-28.23920249938965
11.511831185001938,STEP-10,0.0,12.50109234061242,-0.1124919213616522,-0.22,-22.59136199951172,-28.23920249938965
11.532071351000923,STEP-10,0.0,12.370638149272713,-0.1124919213616522,-0.22,-22.59136199951172,-28.23920249938965
11.543724707000365,STEP-10,0.0,12.295528630241236,-0.1124919213616522,-0.22,-22.59136199951172,-28.23920249938965
11.5639380850007,STEP-10,0.0,12.165247095919344,-0.1124919213616522,-0.22,-22.59136199951172,-28.23920249938965
11.584151463001035,STEP-10,0.0,12.034965561597451,-0.1124919213616522,-0.22,-22.59136199951172,-28.23920249938965
11.588896817000204,STEP-10,0.0,12.005566610845554,-0.10812860059377272,-0.22,-22.59136199951172,-28.23920249938965
11.609130213000753,STEP-10,0.0,11.880214400521968,-0.10812860059377272,-0.22,-22.59136199951172,-28.23920249938965
11.6177598639988,STEP-10,0.0,11.826751016179726,-0.10812860059377272,-0.22,-21.820270538330078,-29.572206497192383
11.632797360998666,STEP-10,0.0,11.723250745263892,-0.12012773829337675,-0.22,-21.820270538330078,-29.572206497192383
11.653027210999426,STEP-10,0.0,11.584012482693737,-0.12012773829337675,-0.22,-21.820270538330078,-29.572206497192383
11.661775464999664,STEP-10,0.0,11.523799891524263,-0.12012773829337675,-0.22,-21.820270538330078,-29.572206497192383
11.677799444001721,STEP-10,0.0,11.40850235076696,-0.12558189856645186,-0.20814285840930935,-21.820270538330078,-29.572206497192383
11.698048868001933,STEP-10,0.0,11.26280141165086,-0.12558189856645186,-0.20305693618766185,-21.820270538330078,-29.572206497192383
11.706755732000602,STEP-10,0.0,11.200152801925032,-0.12558189856645186,-0.20087008716463656,-21.820270538330078,-29.572206497192383
11.719795293000061,STEP-10,0.0,11.094919475221449,-0.14085351752873976,-0.17887314390062856,-21.820270538330078,-29.572206497192383
11.740028438998706,STEP-10,0.0,10.931631672571877,-0.14085351752873976,-0.17317332433146507,-21.820270538330078,-29.572206497192383
11.751730119998683,STEP-10,0.0,10.837195454995015,-0.14085351752873976,-0.16987687847177316,-21.17320442199707,-29.503644943237305
11.766798052001832,STEP-10,0.0,10.727835231002578,-0.12667272317048628,-0.15707291849918206,-21.17320442199707,-29.503644943237305
11.78705470800196,STEP-10,0.0,10.580816221555962,-0.12667272317048628,-0.1519409869434539,-21.17320442199707,-29.503644943237305
11.795736293999653,STEP-10,0.0,10.517806898901807,-0.12667272317048628,-0.149741546663921,-21.17320442199707,-29.503644943237305
11.808794381999178,STEP-10,0.0,10.416504705210064,-0.13539936470624525,-0.13552552199973517,-21.17320442199707,-29.503644943237305
11.829035055001441,STEP-10,0.0,10.259481366341383,-0.13539936470624525,-0.13004437346826864,-21.17320442199707,-29.503644943237305
11.837744503001886,STEP-10,0.0,10.191915104854912,-0.13539936470624525,-0.1276858660158639,-21.17320442199707,-29.503644943237305
11.85796558400034,STEP-10,0.0,10.035043757071358,-0.13539936470624525,-0.12221002297413563,-21.17320442199707,-29.503644943237305
11.878180794999935,STEP-10,0.0,9.878217947636248,-0.13539936470624525,-0.11673576952063991,-21.17320442199707,-29.503644943237305
11.881829786001617,STEP-10,0.0,9.849681697159939,-0.13649020421144087,-0.10675940184430455,-21.17320442199707,-29.503644943237305
11.902063358000305,STEP-10,0.0,9.69144883818092,-0.13649020421144087,-0.10123603309624901,-21.17320442199707,-29.503644943237305
11.910735804998694,STEP-10,0.0,9.623627591245969,-0.13649020421144087,-0.09886862497260296,-20.18429183959961,-30.130172729492188
11.926796727999317,STEP-10,0.0,9.490999496843637,-0.14412602114316542,-0.08400049264608839,-20.18429183959961,-30.130172729492188
11.94704516099955,STEP-10,0.0,9.323791729061544,-0.14412602114316542,-0.07816384048067315,-20.18429183959961,-30.130172729492188
11.958722359999229,STEP-10,0.0,9.227363606516905,-0.14412602114316542,-0.0747978640208321,-20.18429183959961,-30.130172729492188
11.973793975001172,STEP-10,0.0,9.101963061697209,-0.14521684574719984,-0.061793398620956286,-20.18429183959961,-30.130172729492188
11.994034603001637,STEP-10,0.0,8.933554714056706,-0.14521684574719984,-0.05591483831261629,-20.18429183959961,-30.130172729492188
12.002737336999417,STEP-10,0.0,8.86114524867415,-0.14521684574719984,-0.0533872711515474,-20.18429183959961,-30.130172729492188
12.015800239001692,STEP-10,0.0,8.75898927094976,-0.13649020421144087,-0.04641028294761862,-20.18429183959961,-30.130172729492188
12.03603330199985,STEP-10,0.0,8.600760392514012,-0.13649020421144087,-0.0408870531467353,-20.18429183959961,-30.130172729492188
12.04475514799924,STEP-10,0.0,8.53255282994683,-0.13649020421144087,-0.038506160063620565,-21.867408752441406,-29.503644943237305
12.059800727998663,STEP-10,0.0,8.412070647290998,-0.13976269292470533,-0.030262685519520105,-21.867408752441406,-29.503644943237305
12.080036717001349,STEP-10,0.0,8.250024642860698,-0.13976269292470533,-0.024606212885500023,-21.867408752441406,-29.503644943237305
12.088776497999788,STEP-10,0.0,8.180038115876274,-0.13976269292470533,-0.022163222229671875,-21.867408752441406,-29.503644943237305
12.10381819900067,STEP-10,0.0,8.058646894525408,-0.14085351752873976,-0.01425925700533165,-21.867408752441406,-29.503644943237305
12.12406553999972,STEP-10,0.0,7.895244533792548,-0.14085351752873976,-0.008555438604691823,-21.867408752441406,-29.503644943237305
12.132748644999083,STEP-10,0.0,7.825169166589816,-0.14085351752873976,-0.006109346840228402,-21.867408752441406,-29.503644943237305
12.152965893001237,STEP-10,0.0,7.662009665733436,-0.14085351752873976,-0.000414005848519694,-21.867408752441406,-29.503644943237305
12.173180198002228,STEP-10,0.0,7.49887391581491,-0.14085351752873976,0.005280506079057001,-21.867408752441406,-29.503644943237305
12.18090602400116,STEP-10,0.0,7.431212580626639,-0.1528526626789244,0.01537528007632094,-21.867408752441406,-29.503644943237305
12.20117938399926,STEP-10,0.0,7.2536622958527435,-0.1528526626789244,0.021572954190636984,-21.867408752441406,-29.503644943237305
12.213762158000463,STEP-10,0.0,7.143464720938251,-0.1528526626789244,0.02541957521057897,-19.81560516357422,-29.723407745361328
12.229841866999777,STEP-10,0.0,7.0267612092997105,-0.12667272317048628,0.025207678737949685,-19.81560516357422,-29.723407745361328
12.250105467999674,STEP-10,0.0,6.879691794347542,-0.12667272317048628,0.030341369777743932,-19.81560516357422,-29.723407745361328
12.258757888001128,STEP-10,0.0,6.816894153023045,-0.12667272317048628,0.032533420984941774,-19.81560516357422,-29.723407745361328
12.271901189000346,STEP-10,0.0,6.708359234723835,-0.14412602114316542,0.03987482950854718,-19.81560516357422,-29.723407745361328
12.292150966000918,STEP-10,0.0,6.541140368438637,-0.14412602114316542,0.045711869084804846,-19.81560516357422,-29.723407745361328
12.300759988000209,STEP-10,0.0,6.470048676984202,-0.14412602114316542,0.048193437258188476,-19.81560516357422,-29.723407745361328
12.313806826001382,STEP-10,0.0,6.37128003807485,-0.13212687599298079,0.04968371522603529,-19.81560516357422,-29.723407745361328
12.334050305998971,STEP-10,0.0,6.218030571348069,-0.13212687599298079,0.05503313076865096,-19.81560516357422,-29.723407745361328
12.342724337999243,STEP-10,0.0,6.152365439731815,-0.13212687599298079,0.0573252762695691,-20.551651000976562,-29.20497703552246
12.35778255599871,STEP-10,0.0,6.053428242247275,-0.11467358547088224,0.052231601417918744,-20.551651000976562,-29.20497703552246
12.37803416600218,STEP-10,0.0,5.920368836521837,-0.11467358547088224,0.05687625087923051,-20.551651000976562,-29.20497703552246
12.386764761999075,STEP-10,0.0,5.863006092780642,-0.11467358547088224,0.05887858837175375,-20.551651000976562,-29.20497703552246
12.401813666001544,STEP-10,0.0,5.74625952251997,-0.13539936470624525,0.06440633650941624,-20.551651000976562,-29.20497703552246
12.422048544001882,STEP-10,0.0,5.589281140187614,-0.13539936470624525,0.06988591576172443,-20.551651000976562,-29.20497703552246
12.438758069001778,STEP-10,0.0,5.459651784182501,-0.13539936470624525,0.07441083390078265,-20.551651000976562,-29.20497703552246
12.45899773400015,STEP-10,0.0,5.3026362652186565,-0.13539936470624525,0.07989170946607602,-20.551651000976562,-29.20497703552246
12.479235630002222,STEP-10,0.0,5.145634469795786,-0.13539936470624525,0.08537210598941933,-20.551651000976562,-29.20497703552246
12.483879234001506,STEP-10,0.0,5.1096102622869735,-0.13539936470624525,0.08779160729611477,-20.551651000976562,-29.20497703552246
12.504122604001168,STEP-10,0.0,4.952566000619114,-0.13539936470624525,0.09327348617105011,-20.551651000976562,-29.20497703552246
12.512756764001097,STEP-10,0.0,4.88558380929753,-0.13539936470624525,0.09561160572857494,-20.51983642578125,-29.274965286254883
12.52696771400224,STEP-10,0.0,4.779778849754348,-0.12994521188375074,0.09805284981254861,-20.51983642578125,-29.274965286254883
12.547275740002078,STEP-10,0.0,4.628579255839656,-0.12994521188375074,0.10333071129552812,-20.51983642578125,-29.274965286254883
12.555765484001313,STEP-10,0.0,4.565370461191955,-0.12994521188375074,0.10553711446116681,-20.51983642578125,-29.274965286254883
12.568820044001768,STEP-10,0.0,4.460016087869387,-0.14085351752873976,0.11257636152370093,-20.51983642578125,-29.274965286254883
12.589074061001156,STEP-10,0.0,4.296559849730317,-0.14085351752873976,0.11828206060060234,-20.51983642578125,-29.274965286254883
12.597754434002127,STEP-10,0.0,4.226506530607227,-0.14085351752873976,0.12072738274189876,-20.51983642578125,-29.274965286254883
12.611780123999779,STEP-10,0.0,4.10717859459055,-0.1484893344604643,0.1306363887974496,-20.51983642578125,-29.274965286254883
12.632017011001153,STEP-10,0.0,3.9350069611321628,-0.1484893344604643,0.13664631256222098,-20.51983642578125,-29.274965286254883
12.643719190000411,STEP-10,0.0,3.835447020258459,-0.1484893344604643,0.140121610104895,-20.592933654785156,-29.46919822692871
12.658813166999607,STEP-10,0.0,3.738161624297325,-0.1124919213616522,0.13371348606010697,-20.592933654785156,-29.46919822692871
12.67910002699864,STEP-10,0.0,3.6074064755436828,-0.1124919213616522,0.13827770177947898,-20.592933654785156,-29.46919822692871
12.68880142800117,STEP-10,0.0,3.544877916108408,-0.1124919213616522,0.140460360256828,-20.592933654785156,-29.46919822692871
12.70281626599899,STEP-10,0.0,3.4431608508642144,-0.12667272317048628,0.14184005637468025,-20.592933654785156,-29.46919822692871
12.723070672000176,STEP-10,0.0,3.2961581714878645,-0.12667272317048628,0.146971417903422,-20.592933654785156,-29.46919822692871
12.731759203001275,STEP-10,0.0,3.233098443301752,-0.12667272317048628,0.14917261766794265,-20.592933654785156,-29.46919822692871
12.75198111699865,STEP-10,0.0,3.0863315847941184,-0.12667272317048628,0.15429574749547637,-20.592933654785156,-29.46919822692871
12.77218985500076,STEP-10,0.0,2.9396603551885176,-0.12667272317048628,0.15941553924460902,-20.592933654785156,-29.46919822692871
12.780837090002024,STEP-10,0.0,2.8693340135556684,-0.14194435703393538,0.16624232579865833,-20.592933654785156,-29.46919822692871
12.801077430998703,STEP-10,0.0,2.704723113598635,-0.14194435703393538,0.17198833017650078,-20.592933654785156,-29.46919822692871
12.809756581998954,STEP-10,0.0,2.634137205127589,-0.14194435703393538,0.174452243193163,-20.734098434448242,-29.139814376831055
12.823780392998742,STEP-10,0.0,2.5481318033320837,-0.1070377685391577,0.16698930997035488,-20.734098434448242,-29.139814376831055
12.844016800001555,STEP-10,0.0,2.424025715821309,-0.1070377685391577,0.17132142966801733,-20.734098434448242,-29.139814376831055
12.856687915998918,STEP-10,0.0,2.34631613869087,-0.1070377685391577,0.17403400563053462,-20.734098434448242,-29.139814376831055
12.869773319001979,STEP-10,0.0,2.2497090610096326,-0.12885438727971632,0.177760805823715,-20.734098434448242,-29.139814376831055
12.889998826998635,STEP-10,0.0,2.100387926481452,-0.12885438727971632,0.18297309670437528,-20.734098434448242,-29.139814376831055
12.898716831001366,STEP-10,0.0,2.036024537006925,-0.12885438727971632,0.1852198028325232,-20.734098434448242,-29.139814376831055
12.912777253000968,STEP-10,0.0,1.9251888696350195,-0.1375810288154753,0.19286301571191308,-20.734098434448242,-29.139814376831055
12.933007093000924,STEP-10,0.0,1.7657208382142358,-0.1375810288154753,0.19842950011184596,-20.734098434448242,-29.139814376831055
12.941743448001944,STEP-10,0.0,1.696853791623224,-0.1375810288154753,0.20083341353012096,-19.732206344604492,-28.188865661621094
12.95498115800001,STEP-10,0.0,1.6040864013332625,-0.12230940240260679,0.20098241034771439,-19.732206344604492,-28.188865661621094
12.975204590999056,STEP-10,0.0,1.4623643737091867,-0.12230940240260679,0.20592944235699934,-19.732206344604492,-28.188865661621094
12.9837471130013,STEP-10,0.0,1.4024999807923926,-0.12230940240260679,0.2080191038792106,-19.732206344604492,-28.188865661621094
12.99878284100123,STEP-10,0.0,1.3055900178240534,-0.1124919213616522,0.20500355054200217,-19.732206344604492,-28.188865661621094
13.019021940999664,STEP-10,0.0,1.175142697190828,-0.1124919213616522,0.20955702103291118,-19.732206344604492,-28.188865661621094
